date,region,fuel_type,price_per_liter_inr
2024-01-01,Western,Diesel,91.08
2024-01-02,Western,Diesel,93.15
2024-01-03,Western,Diesel,93.12
2024-01-04,Western,Diesel,94.05
2024-01-05,Western,Diesel,92.65
2024-01-06,Western,Diesel,94.53
2024-01-07,Western,Diesel,95.53
2024-01-08,Western,Diesel,94.01
2024-01-09,Western,Diesel,94.39
2024-01-10,Western,Diesel,93.88
2024-01-11,Western,Diesel,93.81
2024-01-12,Western,Diesel,92.53
2024-01-13,Western,Diesel,94.43
2024-01-14,Western,Diesel,93.71
2024-01-15,Western,Diesel,97.68
2024-01-16,Western,Diesel,96.77
2024-01-17,Western,Diesel,94.66
2024-01-18,Western,Diesel,92.61
2024-01-19,Western,Diesel,92.01
2024-01-20,Western,Diesel,96.18
2024-01-21,Western,Diesel,94.54
2024-01-22,Western,Diesel,94.95
2024-01-23,Western,Diesel,90.97
2024-01-24,Western,Diesel,95.81
2024-01-25,Western,Diesel,94.98
2024-01-26,Western,Diesel,92.19
2024-01-27,Western,Diesel,93.37
2024-01-28,Western,Diesel,94.72
2024-01-29,Western,Diesel,94.36
2024-01-30,Western,Diesel,93.77
2024-01-31,Western,Diesel,94.13
2024-02-01,Western,Diesel,93.89
2024-02-02,Western,Diesel,94.65
2024-02-03,Western,Diesel,97.05
2024-02-04,Western,Diesel,89.8
2024-02-05,Western,Diesel,94.02
2024-02-06,Western,Diesel,94.79
2024-02-07,Western,Diesel,95.03
2024-02-08,Western,Diesel,93.86
2024-02-09,Western,Diesel,91.39
2024-02-10,Western,Diesel,95.17
2024-02-11,Western,Diesel,97.71
2024-02-12,Western,Diesel,91.87
2024-02-13,Western,Diesel,96.21
2024-02-14,Western,Diesel,94.09
2024-02-15,Western,Diesel,94.59
2024-02-16,Western,Diesel,92.83
2024-02-17,Western,Diesel,94.15
2024-02-18,Western,Diesel,97.12
2024-02-19,Western,Diesel,95.86
2024-02-20,Western,Diesel,97.95
2024-02-21,Western,Diesel,96.98
2024-02-22,Western,Diesel,95.67
2024-02-23,Western,Diesel,98.05
2024-02-24,Western,Diesel,95.73
2024-02-25,Western,Diesel,96.45
2024-02-26,Western,Diesel,94.45
2024-02-27,Western,Diesel,95.13
2024-02-28,Western,Diesel,93.78
2024-02-29,Western,Diesel,96.84
2024-03-01,Western,Diesel,92.97
2024-03-02,Western,Diesel,96.52
2024-03-03,Western,Diesel,94.8
2024-03-04,Western,Diesel,97.27
2024-03-05,Western,Diesel,96.54
2024-03-06,Western,Diesel,98.49
2024-03-07,Western,Diesel,96.56
2024-03-08,Western,Diesel,92.44
2024-03-09,Western,Diesel,95.17
2024-03-10,Western,Diesel,93.21
2024-03-11,Western,Diesel,94.41
2024-03-12,Western,Diesel,98.09
2024-03-13,Western,Diesel,96.54
2024-03-14,Western,Diesel,94.16
2024-03-15,Western,Diesel,93.62
2024-03-16,Western,Diesel,95.53
2024-03-17,Western,Diesel,93.31
2024-03-18,Western,Diesel,94.32
2024-03-19,Western,Diesel,96.11
2024-03-20,Western,Diesel,97.66
2024-03-21,Western,Diesel,96.7
2024-03-22,Western,Diesel,91.5
2024-03-23,Western,Diesel,96.2
2024-03-24,Western,Diesel,95.81
2024-03-25,Western,Diesel,96.45
2024-03-26,Western,Diesel,98.64
2024-03-27,Western,Diesel,92.04
2024-03-28,Western,Diesel,94.72
2024-03-29,Western,Diesel,96.87
2024-03-30,Western,Diesel,92.99
2024-03-31,Western,Diesel,98.51
2024-04-01,Western,Diesel,96.55
2024-04-02,Western,Diesel,97.43
2024-04-03,Western,Diesel,94.91
2024-04-04,Western,Diesel,97.43
2024-04-05,Western,Diesel,97.91
2024-04-06,Western,Diesel,96.43
2024-04-07,Western,Diesel,96.46
2024-04-08,Western,Diesel,96.55
2024-04-09,Western,Diesel,94.53
2024-04-10,Western,Diesel,95.85
2024-04-11,Western,Diesel,95.87
2024-04-12,Western,Diesel,96.86
2024-04-13,Western,Diesel,97.99
2024-04-14,Western,Diesel,94.31
2024-04-15,Western,Diesel,96.02
2024-04-16,Western,Diesel,98.94
2024-04-17,Western,Diesel,94.96
2024-04-18,Western,Diesel,94.84
2024-04-19,Western,Diesel,96.71
2024-04-20,Western,Diesel,97.89
2024-04-21,Western,Diesel,96.42
2024-04-22,Western,Diesel,98.81
2024-04-23,Western,Diesel,97.99
2024-04-24,Western,Diesel,97.99
2024-04-25,Western,Diesel,97.5
2024-04-26,Western,Diesel,100.71
2024-04-27,Western,Diesel,96.18
2024-04-28,Western,Diesel,92.97
2024-04-29,Western,Diesel,99.49
2024-04-30,Western,Diesel,95.8
2024-05-01,Western,Diesel,96.85
2024-05-02,Western,Diesel,99.04
2024-05-03,Western,Diesel,93.82
2024-05-04,Western,Diesel,94.48
2024-05-05,Western,Diesel,93.87
2024-05-06,Western,Diesel,95.35
2024-05-07,Western,Diesel,97.6
2024-05-08,Western,Diesel,97.78
2024-05-09,Western,Diesel,97.36
2024-05-10,Western,Diesel,94.34
2024-05-11,Western,Diesel,92.75
2024-05-12,Western,Diesel,97.03
2024-05-13,Western,Diesel,96.11
2024-05-14,Western,Diesel,97.81
2024-05-15,Western,Diesel,98.28
2024-05-16,Western,Diesel,97.29
2024-05-17,Western,Diesel,98.43
2024-05-18,Western,Diesel,97.5
2024-05-19,Western,Diesel,98.07
2024-05-20,Western,Diesel,95.87
2024-05-21,Western,Diesel,96.84
2024-05-22,Western,Diesel,97.55
2024-05-23,Western,Diesel,98.69
2024-05-24,Western,Diesel,96.53
2024-05-25,Western,Diesel,98.21
2024-05-26,Western,Diesel,96.82
2024-05-27,Western,Diesel,97.11
2024-05-28,Western,Diesel,98.84
2024-05-29,Western,Diesel,93.78
2024-05-30,Western,Diesel,95.06
2024-05-31,Western,Diesel,94.75
2024-06-01,Western,Diesel,93.25
2024-06-02,Western,Diesel,96.25
2024-06-03,Western,Diesel,98.85
2024-06-04,Western,Diesel,97.01
2024-06-05,Western,Diesel,97.91
2024-06-06,Western,Diesel,99.54
2024-06-07,Western,Diesel,99.99
2024-06-08,Western,Diesel,97.5
2024-06-09,Western,Diesel,100.09
2024-06-10,Western,Diesel,97.84
2024-06-11,Western,Diesel,96.2
2024-06-12,Western,Diesel,96.66
2024-06-13,Western,Diesel,95.09
2024-06-14,Western,Diesel,96.18
2024-06-15,Western,Diesel,97.16
2024-06-16,Western,Diesel,99.28
2024-06-17,Western,Diesel,100.96
2024-06-18,Western,Diesel,95.4
2024-06-19,Western,Diesel,98.62
2024-06-20,Western,Diesel,96.06
2024-06-21,Western,Diesel,98.82
2024-06-22,Western,Diesel,97.75
2024-06-23,Western,Diesel,94.72
2024-06-24,Western,Diesel,99.71
2024-06-25,Western,Diesel,96.97
2024-06-26,Western,Diesel,97.13
2024-06-27,Western,Diesel,96.19
2024-06-28,Western,Diesel,96.96
2024-06-29,Western,Diesel,98.94
2024-06-30,Western,Diesel,97.85
2024-07-01,Western,Diesel,98.81
2024-07-02,Western,Diesel,98.89
2024-07-03,Western,Diesel,100.65
2024-07-04,Western,Diesel,97.68
2024-07-05,Western,Diesel,95.66
2024-07-06,Western,Diesel,100.27
2024-07-07,Western,Diesel,97.77
2024-07-08,Western,Diesel,100.4
2024-07-09,Western,Diesel,99.11
2024-07-10,Western,Diesel,98.21
2024-07-11,Western,Diesel,99.1
2024-07-12,Western,Diesel,102.01
2024-07-13,Western,Diesel,102.26
2024-07-14,Western,Diesel,98.68
2024-07-15,Western,Diesel,98.86
2024-07-16,Western,Diesel,100.54
2024-07-17,Western,Diesel,97.11
2024-07-18,Western,Diesel,99.25
2024-07-19,Western,Diesel,98.63
2024-07-20,Western,Diesel,99.27
2024-07-21,Western,Diesel,97.23
2024-07-22,Western,Diesel,95.89
2024-07-23,Western,Diesel,95.05
2024-07-24,Western,Diesel,96.8
2024-07-25,Western,Diesel,98.01
2024-07-26,Western,Diesel,98.33
2024-07-27,Western,Diesel,102.37
2024-07-28,Western,Diesel,100.9
2024-07-29,Western,Diesel,97.2
2024-07-30,Western,Diesel,99.59
2024-07-31,Western,Diesel,98.25
2024-08-01,Western,Diesel,98.5
2024-08-02,Western,Diesel,99.37
2024-08-03,Western,Diesel,100.18
2024-08-04,Western,Diesel,98.48
2024-08-05,Western,Diesel,101.03
2024-08-06,Western,Diesel,97.08
2024-08-07,Western,Diesel,99.18
2024-08-08,Western,Diesel,103.87
2024-08-09,Western,Diesel,99.62
2024-08-10,Western,Diesel,101.82
2024-08-11,Western,Diesel,99.43
2024-08-12,Western,Diesel,100.34
2024-08-13,Western,Diesel,99.22
2024-08-14,Western,Diesel,99.04
2024-08-15,Western,Diesel,97.97
2024-08-16,Western,Diesel,100.17
2024-08-17,Western,Diesel,97.89
2024-08-18,Western,Diesel,100.65
2024-08-19,Western,Diesel,101.43
2024-08-20,Western,Diesel,100.16
2024-08-21,Western,Diesel,99.01
2024-08-22,Western,Diesel,100.37
2024-08-23,Western,Diesel,99.02
2024-08-24,Western,Diesel,101.29
2024-08-25,Western,Diesel,96.33
2024-08-26,Western,Diesel,99.05
2024-08-27,Western,Diesel,96.1
2024-08-28,Western,Diesel,97.01
2024-08-29,Western,Diesel,102.18
2024-08-30,Western,Diesel,101.37
2024-08-31,Western,Diesel,98.49
2024-09-01,Western,Diesel,97.1
2024-09-02,Western,Diesel,94.5
2024-09-03,Western,Diesel,98.88
2024-09-04,Western,Diesel,104.24
2024-09-05,Western,Diesel,100.69
2024-09-06,Western,Diesel,98.93
2024-09-07,Western,Diesel,100.8
2024-09-08,Western,Diesel,97.18
2024-09-09,Western,Diesel,99.48
2024-09-10,Western,Diesel,100.22
2024-09-11,Western,Diesel,99.91
2024-09-12,Western,Diesel,101.51
2024-09-13,Western,Diesel,100.73
2024-09-14,Western,Diesel,101.34
2024-09-15,Western,Diesel,98.93
2024-09-16,Western,Diesel,101.81
2024-09-17,Western,Diesel,103.15
2024-09-18,Western,Diesel,98.5
2024-09-19,Western,Diesel,98.67
2024-09-20,Western,Diesel,102.7
2024-09-21,Western,Diesel,99.98
2024-09-22,Western,Diesel,102.87
2024-09-23,Western,Diesel,99.57
2024-09-24,Western,Diesel,103.02
2024-09-25,Western,Diesel,100.66
2024-09-26,Western,Diesel,100.91
2024-09-27,Western,Diesel,103.29
2024-09-28,Western,Diesel,99.85
2024-09-29,Western,Diesel,98.83
2024-09-30,Western,Diesel,99.74
2024-10-01,Western,Diesel,101.39
2024-10-02,Western,Diesel,97.78
2024-10-03,Western,Diesel,101.77
2024-10-04,Western,Diesel,99.68
2024-10-05,Western,Diesel,102.74
2024-10-06,Western,Diesel,96.39
2024-10-07,Western,Diesel,99.31
2024-10-08,Western,Diesel,97.72
2024-10-09,Western,Diesel,99.29
2024-10-10,Western,Diesel,101.25
2024-10-11,Western,Diesel,100.51
2024-10-12,Western,Diesel,100.4
2024-10-13,Western,Diesel,100.6
2024-10-14,Western,Diesel,101.28
2024-10-15,Western,Diesel,99.12
2024-10-16,Western,Diesel,102.23
2024-10-17,Western,Diesel,102.18
2024-10-18,Western,Diesel,101.71
2024-10-19,Western,Diesel,102.04
2024-10-20,Western,Diesel,101.6
2024-10-21,Western,Diesel,104.75
2024-10-22,Western,Diesel,100.96
2024-10-23,Western,Diesel,100.59
2024-10-24,Western,Diesel,99.81
2024-10-25,Western,Diesel,99.33
2024-10-26,Western,Diesel,98.98
2024-10-27,Western,Diesel,99.64
2024-10-28,Western,Diesel,101.14
2024-10-29,Western,Diesel,101.9
2024-10-30,Western,Diesel,101.41
2024-10-31,Western,Diesel,99.97
2024-11-01,Western,Diesel,102.99
2024-11-02,Western,Diesel,102.73
2024-11-03,Western,Diesel,101.13
2024-11-04,Western,Diesel,100.27
2024-11-05,Western,Diesel,102.46
2024-11-06,Western,Diesel,101.84
2024-11-07,Western,Diesel,98.92
2024-11-08,Western,Diesel,101.43
2024-11-09,Western,Diesel,102.05
2024-11-10,Western,Diesel,99.98
2024-11-11,Western,Diesel,101.97
2024-11-12,Western,Diesel,99.03
2024-11-13,Western,Diesel,104.08
2024-11-14,Western,Diesel,103.95
2024-11-15,Western,Diesel,101.28
2024-11-16,Western,Diesel,102.41
2024-11-17,Western,Diesel,97.44
2024-11-18,Western,Diesel,99.73
2024-11-19,Western,Diesel,101.3
2024-11-20,Western,Diesel,99.93
2024-11-21,Western,Diesel,103.17
2024-11-22,Western,Diesel,105.5
2024-11-23,Western,Diesel,99.82
2024-11-24,Western,Diesel,100.45
2024-11-25,Western,Diesel,102.41
2024-11-26,Western,Diesel,104.91
2024-11-27,Western,Diesel,99.84
2024-11-28,Western,Diesel,102.51
2024-11-29,Western,Diesel,105.37
2024-11-30,Western,Diesel,99.14
2024-12-01,Western,Diesel,99.83
2024-12-02,Western,Diesel,101.4
2024-12-03,Western,Diesel,101.25
2024-12-04,Western,Diesel,103.68
2024-12-05,Western,Diesel,102.68
2024-12-06,Western,Diesel,99.07
2024-12-07,Western,Diesel,103.22
2024-12-08,Western,Diesel,101.28
2024-12-09,Western,Diesel,104.64
2024-12-10,Western,Diesel,101.24
2024-12-11,Western,Diesel,101.25
2024-12-12,Western,Diesel,103.4
2024-12-13,Western,Diesel,103.82
2024-12-14,Western,Diesel,103.28
2024-12-15,Western,Diesel,99.47
2024-12-16,Western,Diesel,103.49
2024-12-17,Western,Diesel,100.69
2024-12-18,Western,Diesel,103.0
2024-12-19,Western,Diesel,100.04
2024-12-20,Western,Diesel,103.43
2024-12-21,Western,Diesel,101.2
2024-12-22,Western,Diesel,100.37
2024-12-23,Western,Diesel,103.99
2024-12-24,Western,Diesel,103.16
2024-12-25,Western,Diesel,101.65
2024-12-26,Western,Diesel,105.39
2024-12-27,Western,Diesel,102.01
2024-12-28,Western,Diesel,102.89
2024-12-29,Western,Diesel,103.34
2024-12-30,Western,Diesel,101.77
2024-12-31,Western,Diesel,103.76
2025-01-01,Western,Diesel,101.97
2025-01-02,Western,Diesel,102.22
2025-01-03,Western,Diesel,105.44
2025-01-04,Western,Diesel,101.14
2025-01-05,Western,Diesel,98.69
2025-01-06,Western,Diesel,105.96
2025-01-07,Western,Diesel,107.68
2025-01-08,Western,Diesel,102.39
2025-01-09,Western,Diesel,99.65
2025-01-10,Western,Diesel,102.61
2025-01-11,Western,Diesel,102.68
2025-01-12,Western,Diesel,102.88
2025-01-13,Western,Diesel,101.24
2025-01-14,Western,Diesel,104.31
2025-01-15,Western,Diesel,104.24
2025-01-16,Western,Diesel,100.63
2025-01-17,Western,Diesel,104.6
2025-01-18,Western,Diesel,107.07
2025-01-19,Western,Diesel,103.71
2025-01-20,Western,Diesel,102.82
2025-01-21,Western,Diesel,103.19
2025-01-22,Western,Diesel,104.58
2025-01-23,Western,Diesel,100.38
2025-01-24,Western,Diesel,103.82
2025-01-25,Western,Diesel,102.85
2025-01-26,Western,Diesel,106.9
2025-01-27,Western,Diesel,103.29
2025-01-28,Western,Diesel,106.63
2025-01-29,Western,Diesel,101.67
2025-01-30,Western,Diesel,104.74
2025-01-31,Western,Diesel,104.28
2025-02-01,Western,Diesel,102.17
2025-02-02,Western,Diesel,104.07
2025-02-03,Western,Diesel,105.96
2025-02-04,Western,Diesel,103.22
2025-02-05,Western,Diesel,100.79
2025-02-06,Western,Diesel,103.83
2025-02-07,Western,Diesel,102.26
2025-02-08,Western,Diesel,103.29
2025-02-09,Western,Diesel,103.79
2025-02-10,Western,Diesel,100.89
2025-02-11,Western,Diesel,101.08
2025-02-12,Western,Diesel,104.88
2025-02-13,Western,Diesel,103.1
2025-02-14,Western,Diesel,99.45
2025-02-15,Western,Diesel,105.5
2025-02-16,Western,Diesel,104.6
2025-02-17,Western,Diesel,102.86
2025-02-18,Western,Diesel,101.8
2025-02-19,Western,Diesel,105.7
2025-02-20,Western,Diesel,104.85
2025-02-21,Western,Diesel,108.53
2025-02-22,Western,Diesel,105.02
2025-02-23,Western,Diesel,104.99
2025-02-24,Western,Diesel,104.02
2025-02-25,Western,Diesel,105.82
2025-02-26,Western,Diesel,105.5
2025-02-27,Western,Diesel,106.65
2025-02-28,Western,Diesel,103.48
2025-03-01,Western,Diesel,103.66
2025-03-02,Western,Diesel,103.61
2025-03-03,Western,Diesel,105.92
2025-03-04,Western,Diesel,107.22
2025-03-05,Western,Diesel,103.72
2025-03-06,Western,Diesel,103.81
2025-03-07,Western,Diesel,105.17
2025-03-08,Western,Diesel,104.19
2025-03-09,Western,Diesel,106.37
2025-03-10,Western,Diesel,100.63
2025-03-11,Western,Diesel,103.22
2025-03-12,Western,Diesel,103.32
2025-03-13,Western,Diesel,100.58
2025-03-14,Western,Diesel,103.05
2025-03-15,Western,Diesel,103.16
2025-03-16,Western,Diesel,104.47
2025-03-17,Western,Diesel,106.86
2025-03-18,Western,Diesel,104.44
2025-03-19,Western,Diesel,103.05
2025-03-20,Western,Diesel,104.83
2025-03-21,Western,Diesel,106.85
2025-03-22,Western,Diesel,103.23
2025-03-23,Western,Diesel,103.37
2025-03-24,Western,Diesel,106.04
2025-03-25,Western,Diesel,104.66
2025-03-26,Western,Diesel,106.25
2025-03-27,Western,Diesel,105.09
2025-03-28,Western,Diesel,106.4
2025-03-29,Western,Diesel,103.3
2025-03-30,Western,Diesel,105.17
2025-03-31,Western,Diesel,104.84
2025-04-01,Western,Diesel,103.05
2025-04-02,Western,Diesel,102.45
2025-04-03,Western,Diesel,106.53
2025-04-04,Western,Diesel,104.69
2025-04-05,Western,Diesel,103.51
2025-04-06,Western,Diesel,105.2
2025-04-07,Western,Diesel,107.43
2025-04-08,Western,Diesel,101.32
2025-04-09,Western,Diesel,102.75
2025-04-10,Western,Diesel,103.81
2025-04-11,Western,Diesel,108.13
2025-04-12,Western,Diesel,106.03
2025-04-13,Western,Diesel,106.93
2025-04-14,Western,Diesel,103.52
2025-04-15,Western,Diesel,103.59
2025-04-16,Western,Diesel,106.43
2025-04-17,Western,Diesel,105.76
2025-04-18,Western,Diesel,106.67
2025-04-19,Western,Diesel,105.37
2025-04-20,Western,Diesel,106.23
2025-04-21,Western,Diesel,106.04
2025-04-22,Western,Diesel,107.18
2025-04-23,Western,Diesel,107.26
2025-04-24,Western,Diesel,102.92
2025-04-25,Western,Diesel,101.81
2025-04-26,Western,Diesel,107.69
2025-04-27,Western,Diesel,108.05
2025-04-28,Western,Diesel,104.1
2025-04-29,Western,Diesel,102.61
2025-04-30,Western,Diesel,106.16
2025-05-01,Western,Diesel,107.69
2025-05-02,Western,Diesel,109.27
2025-05-03,Western,Diesel,106.99
2025-05-04,Western,Diesel,105.42
2025-05-05,Western,Diesel,104.51
2025-05-06,Western,Diesel,106.16
2025-05-07,Western,Diesel,105.63
2025-05-08,Western,Diesel,104.36
2025-05-09,Western,Diesel,109.9
2025-05-10,Western,Diesel,109.46
2025-05-11,Western,Diesel,108.31
2025-05-12,Western,Diesel,104.64
2025-05-13,Western,Diesel,107.86
2025-05-14,Western,Diesel,107.5
2025-05-15,Western,Diesel,107.17
2025-05-16,Western,Diesel,108.65
2025-05-17,Western,Diesel,107.57
2025-05-18,Western,Diesel,107.78
2025-05-19,Western,Diesel,107.62
2025-05-20,Western,Diesel,107.11
2025-05-21,Western,Diesel,103.31
2025-05-22,Western,Diesel,106.7
2025-05-23,Western,Diesel,105.58
2025-05-24,Western,Diesel,104.3
2025-05-25,Western,Diesel,109.65
2025-05-26,Western,Diesel,109.77
2025-05-27,Western,Diesel,109.13
2025-05-28,Western,Diesel,107.16
2025-05-29,Western,Diesel,109.16
2025-05-30,Western,Diesel,106.78
2025-05-31,Western,Diesel,107.15
2025-06-01,Western,Diesel,104.84
2025-06-02,Western,Diesel,107.55
2025-06-03,Western,Diesel,106.97
2025-06-04,Western,Diesel,104.54
2025-06-05,Western,Diesel,106.82
2025-06-06,Western,Diesel,106.79
2025-06-07,Western,Diesel,110.2
2025-06-08,Western,Diesel,108.6
2025-06-09,Western,Diesel,107.03
2025-06-10,Western,Diesel,107.49
2025-06-11,Western,Diesel,107.14
2025-06-12,Western,Diesel,106.72
2025-06-13,Western,Diesel,105.17
2025-06-14,Western,Diesel,106.87
2025-06-15,Western,Diesel,105.82
2025-06-16,Western,Diesel,104.94
2025-06-17,Western,Diesel,108.14
2025-06-18,Western,Diesel,107.95
2025-06-19,Western,Diesel,104.05
2025-06-20,Western,Diesel,107.07
2025-06-21,Western,Diesel,109.11
2025-06-22,Western,Diesel,109.25
2025-06-23,Western,Diesel,109.22
2025-06-24,Western,Diesel,107.47
2025-06-25,Western,Diesel,105.9
2025-06-26,Western,Diesel,105.5
2025-06-27,Western,Diesel,108.09
2025-06-28,Western,Diesel,108.18
2025-06-29,Western,Diesel,109.84
2025-06-30,Western,Diesel,109.53
2024-01-01,Eastern,Diesel,92.43
2024-01-02,Eastern,Diesel,94.5
2024-01-03,Eastern,Diesel,94.47
2024-01-04,Eastern,Diesel,95.4
2024-01-05,Eastern,Diesel,94.0
2024-01-06,Eastern,Diesel,95.88
2024-01-07,Eastern,Diesel,96.88
2024-01-08,Eastern,Diesel,95.36
2024-01-09,Eastern,Diesel,95.74
2024-01-10,Eastern,Diesel,95.23
2024-01-11,Eastern,Diesel,95.16
2024-01-12,Eastern,Diesel,93.88
2024-01-13,Eastern,Diesel,95.78
2024-01-14,Eastern,Diesel,95.06
2024-01-15,Eastern,Diesel,99.03
2024-01-16,Eastern,Diesel,98.12
2024-01-17,Eastern,Diesel,96.01
2024-01-18,Eastern,Diesel,93.96
2024-01-19,Eastern,Diesel,93.36
2024-01-20,Eastern,Diesel,97.53
2024-01-21,Eastern,Diesel,95.89
2024-01-22,Eastern,Diesel,96.3
2024-01-23,Eastern,Diesel,92.32
2024-01-24,Eastern,Diesel,97.16
2024-01-25,Eastern,Diesel,96.33
2024-01-26,Eastern,Diesel,93.54
2024-01-27,Eastern,Diesel,94.72
2024-01-28,Eastern,Diesel,96.07
2024-01-29,Eastern,Diesel,95.71
2024-01-30,Eastern,Diesel,95.12
2024-01-31,Eastern,Diesel,95.48
2024-02-01,Eastern,Diesel,95.24
2024-02-02,Eastern,Diesel,96.0
2024-02-03,Eastern,Diesel,98.4
2024-02-04,Eastern,Diesel,91.15
2024-02-05,Eastern,Diesel,95.37
2024-02-06,Eastern,Diesel,96.14
2024-02-07,Eastern,Diesel,96.38
2024-02-08,Eastern,Diesel,95.21
2024-02-09,Eastern,Diesel,92.74
2024-02-10,Eastern,Diesel,96.52
2024-02-11,Eastern,Diesel,99.06
2024-02-12,Eastern,Diesel,93.22
2024-02-13,Eastern,Diesel,97.56
2024-02-14,Eastern,Diesel,95.44
2024-02-15,Eastern,Diesel,95.94
2024-02-16,Eastern,Diesel,94.18
2024-02-17,Eastern,Diesel,95.5
2024-02-18,Eastern,Diesel,98.47
2024-02-19,Eastern,Diesel,97.21
2024-02-20,Eastern,Diesel,99.3
2024-02-21,Eastern,Diesel,98.33
2024-02-22,Eastern,Diesel,97.02
2024-02-23,Eastern,Diesel,99.4
2024-02-24,Eastern,Diesel,97.08
2024-02-25,Eastern,Diesel,97.8
2024-02-26,Eastern,Diesel,95.8
2024-02-27,Eastern,Diesel,96.48
2024-02-28,Eastern,Diesel,95.13
2024-02-29,Eastern,Diesel,98.19
2024-03-01,Eastern,Diesel,94.32
2024-03-02,Eastern,Diesel,97.87
2024-03-03,Eastern,Diesel,96.15
2024-03-04,Eastern,Diesel,98.62
2024-03-05,Eastern,Diesel,97.89
2024-03-06,Eastern,Diesel,99.84
2024-03-07,Eastern,Diesel,97.91
2024-03-08,Eastern,Diesel,93.79
2024-03-09,Eastern,Diesel,96.52
2024-03-10,Eastern,Diesel,94.56
2024-03-11,Eastern,Diesel,95.76
2024-03-12,Eastern,Diesel,99.44
2024-03-13,Eastern,Diesel,97.89
2024-03-14,Eastern,Diesel,95.51
2024-03-15,Eastern,Diesel,94.97
2024-03-16,Eastern,Diesel,96.88
2024-03-17,Eastern,Diesel,94.66
2024-03-18,Eastern,Diesel,95.67
2024-03-19,Eastern,Diesel,97.46
2024-03-20,Eastern,Diesel,99.01
2024-03-21,Eastern,Diesel,98.05
2024-03-22,Eastern,Diesel,92.85
2024-03-23,Eastern,Diesel,97.55
2024-03-24,Eastern,Diesel,97.16
2024-03-25,Eastern,Diesel,97.8
2024-03-26,Eastern,Diesel,99.99
2024-03-27,Eastern,Diesel,93.39
2024-03-28,Eastern,Diesel,96.07
2024-03-29,Eastern,Diesel,98.22
2024-03-30,Eastern,Diesel,94.34
2024-03-31,Eastern,Diesel,99.86
2024-04-01,Eastern,Diesel,97.9
2024-04-02,Eastern,Diesel,98.78
2024-04-03,Eastern,Diesel,96.26
2024-04-04,Eastern,Diesel,98.78
2024-04-05,Eastern,Diesel,99.26
2024-04-06,Eastern,Diesel,97.78
2024-04-07,Eastern,Diesel,97.81
2024-04-08,Eastern,Diesel,97.9
2024-04-09,Eastern,Diesel,95.88
2024-04-10,Eastern,Diesel,97.2
2024-04-11,Eastern,Diesel,97.22
2024-04-12,Eastern,Diesel,98.21
2024-04-13,Eastern,Diesel,99.34
2024-04-14,Eastern,Diesel,95.66
2024-04-15,Eastern,Diesel,97.37
2024-04-16,Eastern,Diesel,100.29
2024-04-17,Eastern,Diesel,96.31
2024-04-18,Eastern,Diesel,96.19
2024-04-19,Eastern,Diesel,98.06
2024-04-20,Eastern,Diesel,99.24
2024-04-21,Eastern,Diesel,97.77
2024-04-22,Eastern,Diesel,100.16
2024-04-23,Eastern,Diesel,99.34
2024-04-24,Eastern,Diesel,99.34
2024-04-25,Eastern,Diesel,98.85
2024-04-26,Eastern,Diesel,102.06
2024-04-27,Eastern,Diesel,97.53
2024-04-28,Eastern,Diesel,94.32
2024-04-29,Eastern,Diesel,100.84
2024-04-30,Eastern,Diesel,97.15
2024-05-01,Eastern,Diesel,98.2
2024-05-02,Eastern,Diesel,100.39
2024-05-03,Eastern,Diesel,95.17
2024-05-04,Eastern,Diesel,95.83
2024-05-05,Eastern,Diesel,95.22
2024-05-06,Eastern,Diesel,96.7
2024-05-07,Eastern,Diesel,98.95
2024-05-08,Eastern,Diesel,99.13
2024-05-09,Eastern,Diesel,98.71
2024-05-10,Eastern,Diesel,95.69
2024-05-11,Eastern,Diesel,94.1
2024-05-12,Eastern,Diesel,98.38
2024-05-13,Eastern,Diesel,97.46
2024-05-14,Eastern,Diesel,99.16
2024-05-15,Eastern,Diesel,99.63
2024-05-16,Eastern,Diesel,98.64
2024-05-17,Eastern,Diesel,99.78
2024-05-18,Eastern,Diesel,98.85
2024-05-19,Eastern,Diesel,99.42
2024-05-20,Eastern,Diesel,97.22
2024-05-21,Eastern,Diesel,98.19
2024-05-22,Eastern,Diesel,98.9
2024-05-23,Eastern,Diesel,100.04
2024-05-24,Eastern,Diesel,97.88
2024-05-25,Eastern,Diesel,99.56
2024-05-26,Eastern,Diesel,98.17
2024-05-27,Eastern,Diesel,98.46
2024-05-28,Eastern,Diesel,100.19
2024-05-29,Eastern,Diesel,95.13
2024-05-30,Eastern,Diesel,96.41
2024-05-31,Eastern,Diesel,96.1
2024-06-01,Eastern,Diesel,94.6
2024-06-02,Eastern,Diesel,97.6
2024-06-03,Eastern,Diesel,100.2
2024-06-04,Eastern,Diesel,98.36
2024-06-05,Eastern,Diesel,99.26
2024-06-06,Eastern,Diesel,100.89
2024-06-07,Eastern,Diesel,101.34
2024-06-08,Eastern,Diesel,98.85
2024-06-09,Eastern,Diesel,101.44
2024-06-10,Eastern,Diesel,99.19
2024-06-11,Eastern,Diesel,97.55
2024-06-12,Eastern,Diesel,98.01
2024-06-13,Eastern,Diesel,96.44
2024-06-14,Eastern,Diesel,97.53
2024-06-15,Eastern,Diesel,98.51
2024-06-16,Eastern,Diesel,100.63
2024-06-17,Eastern,Diesel,102.31
2024-06-18,Eastern,Diesel,96.75
2024-06-19,Eastern,Diesel,99.97
2024-06-20,Eastern,Diesel,97.41
2024-06-21,Eastern,Diesel,100.17
2024-06-22,Eastern,Diesel,99.1
2024-06-23,Eastern,Diesel,96.07
2024-06-24,Eastern,Diesel,101.06
2024-06-25,Eastern,Diesel,98.32
2024-06-26,Eastern,Diesel,98.48
2024-06-27,Eastern,Diesel,97.54
2024-06-28,Eastern,Diesel,98.31
2024-06-29,Eastern,Diesel,100.29
2024-06-30,Eastern,Diesel,99.2
2024-07-01,Eastern,Diesel,100.16
2024-07-02,Eastern,Diesel,100.24
2024-07-03,Eastern,Diesel,102.0
2024-07-04,Eastern,Diesel,99.03
2024-07-05,Eastern,Diesel,97.01
2024-07-06,Eastern,Diesel,101.62
2024-07-07,Eastern,Diesel,99.12
2024-07-08,Eastern,Diesel,101.75
2024-07-09,Eastern,Diesel,100.46
2024-07-10,Eastern,Diesel,99.56
2024-07-11,Eastern,Diesel,100.45
2024-07-12,Eastern,Diesel,103.36
2024-07-13,Eastern,Diesel,103.61
2024-07-14,Eastern,Diesel,100.03
2024-07-15,Eastern,Diesel,100.21
2024-07-16,Eastern,Diesel,101.89
2024-07-17,Eastern,Diesel,98.46
2024-07-18,Eastern,Diesel,100.6
2024-07-19,Eastern,Diesel,99.98
2024-07-20,Eastern,Diesel,100.62
2024-07-21,Eastern,Diesel,98.58
2024-07-22,Eastern,Diesel,97.24
2024-07-23,Eastern,Diesel,96.4
2024-07-24,Eastern,Diesel,98.15
2024-07-25,Eastern,Diesel,99.36
2024-07-26,Eastern,Diesel,99.68
2024-07-27,Eastern,Diesel,103.72
2024-07-28,Eastern,Diesel,102.25
2024-07-29,Eastern,Diesel,98.55
2024-07-30,Eastern,Diesel,100.94
2024-07-31,Eastern,Diesel,99.6
2024-08-01,Eastern,Diesel,99.85
2024-08-02,Eastern,Diesel,100.72
2024-08-03,Eastern,Diesel,101.53
2024-08-04,Eastern,Diesel,99.83
2024-08-05,Eastern,Diesel,102.38
2024-08-06,Eastern,Diesel,98.43
2024-08-07,Eastern,Diesel,100.53
2024-08-08,Eastern,Diesel,105.22
2024-08-09,Eastern,Diesel,100.97
2024-08-10,Eastern,Diesel,103.17
2024-08-11,Eastern,Diesel,100.78
2024-08-12,Eastern,Diesel,101.69
2024-08-13,Eastern,Diesel,100.57
2024-08-14,Eastern,Diesel,100.39
2024-08-15,Eastern,Diesel,99.32
2024-08-16,Eastern,Diesel,101.52
2024-08-17,Eastern,Diesel,99.24
2024-08-18,Eastern,Diesel,102.0
2024-08-19,Eastern,Diesel,102.78
2024-08-20,Eastern,Diesel,101.51
2024-08-21,Eastern,Diesel,100.36
2024-08-22,Eastern,Diesel,101.72
2024-08-23,Eastern,Diesel,100.37
2024-08-24,Eastern,Diesel,102.64
2024-08-25,Eastern,Diesel,97.68
2024-08-26,Eastern,Diesel,100.4
2024-08-27,Eastern,Diesel,97.45
2024-08-28,Eastern,Diesel,98.36
2024-08-29,Eastern,Diesel,103.53
2024-08-30,Eastern,Diesel,102.72
2024-08-31,Eastern,Diesel,99.84
2024-09-01,Eastern,Diesel,98.45
2024-09-02,Eastern,Diesel,95.85
2024-09-03,Eastern,Diesel,100.23
2024-09-04,Eastern,Diesel,105.59
2024-09-05,Eastern,Diesel,102.04
2024-09-06,Eastern,Diesel,100.28
2024-09-07,Eastern,Diesel,102.15
2024-09-08,Eastern,Diesel,98.53
2024-09-09,Eastern,Diesel,100.83
2024-09-10,Eastern,Diesel,101.57
2024-09-11,Eastern,Diesel,101.26
2024-09-12,Eastern,Diesel,102.86
2024-09-13,Eastern,Diesel,102.08
2024-09-14,Eastern,Diesel,102.69
2024-09-15,Eastern,Diesel,100.28
2024-09-16,Eastern,Diesel,103.16
2024-09-17,Eastern,Diesel,104.5
2024-09-18,Eastern,Diesel,99.85
2024-09-19,Eastern,Diesel,100.02
2024-09-20,Eastern,Diesel,104.05
2024-09-21,Eastern,Diesel,101.33
2024-09-22,Eastern,Diesel,104.22
2024-09-23,Eastern,Diesel,100.92
2024-09-24,Eastern,Diesel,104.37
2024-09-25,Eastern,Diesel,102.01
2024-09-26,Eastern,Diesel,102.26
2024-09-27,Eastern,Diesel,104.64
2024-09-28,Eastern,Diesel,101.2
2024-09-29,Eastern,Diesel,100.18
2024-09-30,Eastern,Diesel,101.09
2024-10-01,Eastern,Diesel,102.74
2024-10-02,Eastern,Diesel,99.13
2024-10-03,Eastern,Diesel,103.12
2024-10-04,Eastern,Diesel,101.03
2024-10-05,Eastern,Diesel,104.09
2024-10-06,Eastern,Diesel,97.74
2024-10-07,Eastern,Diesel,100.66
2024-10-08,Eastern,Diesel,99.07
2024-10-09,Eastern,Diesel,100.64
2024-10-10,Eastern,Diesel,102.6
2024-10-11,Eastern,Diesel,101.86
2024-10-12,Eastern,Diesel,101.75
2024-10-13,Eastern,Diesel,101.95
2024-10-14,Eastern,Diesel,102.63
2024-10-15,Eastern,Diesel,100.47
2024-10-16,Eastern,Diesel,103.58
2024-10-17,Eastern,Diesel,103.53
2024-10-18,Eastern,Diesel,103.06
2024-10-19,Eastern,Diesel,103.39
2024-10-20,Eastern,Diesel,102.95
2024-10-21,Eastern,Diesel,106.1
2024-10-22,Eastern,Diesel,102.31
2024-10-23,Eastern,Diesel,101.94
2024-10-24,Eastern,Diesel,101.16
2024-10-25,Eastern,Diesel,100.68
2024-10-26,Eastern,Diesel,100.33
2024-10-27,Eastern,Diesel,100.99
2024-10-28,Eastern,Diesel,102.49
2024-10-29,Eastern,Diesel,103.25
2024-10-30,Eastern,Diesel,102.76
2024-10-31,Eastern,Diesel,101.32
2024-11-01,Eastern,Diesel,104.34
2024-11-02,Eastern,Diesel,104.08
2024-11-03,Eastern,Diesel,102.48
2024-11-04,Eastern,Diesel,101.62
2024-11-05,Eastern,Diesel,103.81
2024-11-06,Eastern,Diesel,103.19
2024-11-07,Eastern,Diesel,100.27
2024-11-08,Eastern,Diesel,102.78
2024-11-09,Eastern,Diesel,103.4
2024-11-10,Eastern,Diesel,101.33
2024-11-11,Eastern,Diesel,103.32
2024-11-12,Eastern,Diesel,100.38
2024-11-13,Eastern,Diesel,105.43
2024-11-14,Eastern,Diesel,105.3
2024-11-15,Eastern,Diesel,102.63
2024-11-16,Eastern,Diesel,103.76
2024-11-17,Eastern,Diesel,98.79
2024-11-18,Eastern,Diesel,101.08
2024-11-19,Eastern,Diesel,102.65
2024-11-20,Eastern,Diesel,101.28
2024-11-21,Eastern,Diesel,104.52
2024-11-22,Eastern,Diesel,106.85
2024-11-23,Eastern,Diesel,101.17
2024-11-24,Eastern,Diesel,101.8
2024-11-25,Eastern,Diesel,103.76
2024-11-26,Eastern,Diesel,106.26
2024-11-27,Eastern,Diesel,101.19
2024-11-28,Eastern,Diesel,103.86
2024-11-29,Eastern,Diesel,106.72
2024-11-30,Eastern,Diesel,100.49
2024-12-01,Eastern,Diesel,101.18
2024-12-02,Eastern,Diesel,102.75
2024-12-03,Eastern,Diesel,102.6
2024-12-04,Eastern,Diesel,105.03
2024-12-05,Eastern,Diesel,104.03
2024-12-06,Eastern,Diesel,100.42
2024-12-07,Eastern,Diesel,104.57
2024-12-08,Eastern,Diesel,102.63
2024-12-09,Eastern,Diesel,105.99
2024-12-10,Eastern,Diesel,102.59
2024-12-11,Eastern,Diesel,102.6
2024-12-12,Eastern,Diesel,104.75
2024-12-13,Eastern,Diesel,105.17
2024-12-14,Eastern,Diesel,104.63
2024-12-15,Eastern,Diesel,100.82
2024-12-16,Eastern,Diesel,104.84
2024-12-17,Eastern,Diesel,102.04
2024-12-18,Eastern,Diesel,104.35
2024-12-19,Eastern,Diesel,101.39
2024-12-20,Eastern,Diesel,104.78
2024-12-21,Eastern,Diesel,102.55
2024-12-22,Eastern,Diesel,101.72
2024-12-23,Eastern,Diesel,105.34
2024-12-24,Eastern,Diesel,104.51
2024-12-25,Eastern,Diesel,103.0
2024-12-26,Eastern,Diesel,106.74
2024-12-27,Eastern,Diesel,103.36
2024-12-28,Eastern,Diesel,104.24
2024-12-29,Eastern,Diesel,104.69
2024-12-30,Eastern,Diesel,103.12
2024-12-31,Eastern,Diesel,105.11
2025-01-01,Eastern,Diesel,103.32
2025-01-02,Eastern,Diesel,103.57
2025-01-03,Eastern,Diesel,106.79
2025-01-04,Eastern,Diesel,102.49
2025-01-05,Eastern,Diesel,100.04
2025-01-06,Eastern,Diesel,107.31
2025-01-07,Eastern,Diesel,109.03
2025-01-08,Eastern,Diesel,103.74
2025-01-09,Eastern,Diesel,101.0
2025-01-10,Eastern,Diesel,103.96
2025-01-11,Eastern,Diesel,104.03
2025-01-12,Eastern,Diesel,104.23
2025-01-13,Eastern,Diesel,102.59
2025-01-14,Eastern,Diesel,105.66
2025-01-15,Eastern,Diesel,105.59
2025-01-16,Eastern,Diesel,101.98
2025-01-17,Eastern,Diesel,105.95
2025-01-18,Eastern,Diesel,108.42
2025-01-19,Eastern,Diesel,105.06
2025-01-20,Eastern,Diesel,104.17
2025-01-21,Eastern,Diesel,104.54
2025-01-22,Eastern,Diesel,105.93
2025-01-23,Eastern,Diesel,101.73
2025-01-24,Eastern,Diesel,105.17
2025-01-25,Eastern,Diesel,104.2
2025-01-26,Eastern,Diesel,108.25
2025-01-27,Eastern,Diesel,104.64
2025-01-28,Eastern,Diesel,107.98
2025-01-29,Eastern,Diesel,103.02
2025-01-30,Eastern,Diesel,106.09
2025-01-31,Eastern,Diesel,105.63
2025-02-01,Eastern,Diesel,103.52
2025-02-02,Eastern,Diesel,105.42
2025-02-03,Eastern,Diesel,107.31
2025-02-04,Eastern,Diesel,104.57
2025-02-05,Eastern,Diesel,102.14
2025-02-06,Eastern,Diesel,105.18
2025-02-07,Eastern,Diesel,103.61
2025-02-08,Eastern,Diesel,104.64
2025-02-09,Eastern,Diesel,105.14
2025-02-10,Eastern,Diesel,102.24
2025-02-11,Eastern,Diesel,102.43
2025-02-12,Eastern,Diesel,106.23
2025-02-13,Eastern,Diesel,104.45
2025-02-14,Eastern,Diesel,100.8
2025-02-15,Eastern,Diesel,106.85
2025-02-16,Eastern,Diesel,105.95
2025-02-17,Eastern,Diesel,104.21
2025-02-18,Eastern,Diesel,103.15
2025-02-19,Eastern,Diesel,107.05
2025-02-20,Eastern,Diesel,106.2
2025-02-21,Eastern,Diesel,109.88
2025-02-22,Eastern,Diesel,106.37
2025-02-23,Eastern,Diesel,106.34
2025-02-24,Eastern,Diesel,105.37
2025-02-25,Eastern,Diesel,107.17
2025-02-26,Eastern,Diesel,106.85
2025-02-27,Eastern,Diesel,108.0
2025-02-28,Eastern,Diesel,104.83
2025-03-01,Eastern,Diesel,105.01
2025-03-02,Eastern,Diesel,104.96
2025-03-03,Eastern,Diesel,107.27
2025-03-04,Eastern,Diesel,108.57
2025-03-05,Eastern,Diesel,105.07
2025-03-06,Eastern,Diesel,105.16
2025-03-07,Eastern,Diesel,106.52
2025-03-08,Eastern,Diesel,105.54
2025-03-09,Eastern,Diesel,107.72
2025-03-10,Eastern,Diesel,101.98
2025-03-11,Eastern,Diesel,104.57
2025-03-12,Eastern,Diesel,104.67
2025-03-13,Eastern,Diesel,101.93
2025-03-14,Eastern,Diesel,104.4
2025-03-15,Eastern,Diesel,104.51
2025-03-16,Eastern,Diesel,105.82
2025-03-17,Eastern,Diesel,108.21
2025-03-18,Eastern,Diesel,105.79
2025-03-19,Eastern,Diesel,104.4
2025-03-20,Eastern,Diesel,106.18
2025-03-21,Eastern,Diesel,108.2
2025-03-22,Eastern,Diesel,104.58
2025-03-23,Eastern,Diesel,104.72
2025-03-24,Eastern,Diesel,107.39
2025-03-25,Eastern,Diesel,106.01
2025-03-26,Eastern,Diesel,107.6
2025-03-27,Eastern,Diesel,106.44
2025-03-28,Eastern,Diesel,107.75
2025-03-29,Eastern,Diesel,104.65
2025-03-30,Eastern,Diesel,106.52
2025-03-31,Eastern,Diesel,106.19
2025-04-01,Eastern,Diesel,104.4
2025-04-02,Eastern,Diesel,103.8
2025-04-03,Eastern,Diesel,107.88
2025-04-04,Eastern,Diesel,106.04
2025-04-05,Eastern,Diesel,104.86
2025-04-06,Eastern,Diesel,106.55
2025-04-07,Eastern,Diesel,108.78
2025-04-08,Eastern,Diesel,102.67
2025-04-09,Eastern,Diesel,104.1
2025-04-10,Eastern,Diesel,105.16
2025-04-11,Eastern,Diesel,109.48
2025-04-12,Eastern,Diesel,107.38
2025-04-13,Eastern,Diesel,108.28
2025-04-14,Eastern,Diesel,104.87
2025-04-15,Eastern,Diesel,104.94
2025-04-16,Eastern,Diesel,107.78
2025-04-17,Eastern,Diesel,107.11
2025-04-18,Eastern,Diesel,108.02
2025-04-19,Eastern,Diesel,106.72
2025-04-20,Eastern,Diesel,107.58
2025-04-21,Eastern,Diesel,107.39
2025-04-22,Eastern,Diesel,108.53
2025-04-23,Eastern,Diesel,108.61
2025-04-24,Eastern,Diesel,104.27
2025-04-25,Eastern,Diesel,103.16
2025-04-26,Eastern,Diesel,109.04
2025-04-27,Eastern,Diesel,109.4
2025-04-28,Eastern,Diesel,105.45
2025-04-29,Eastern,Diesel,103.96
2025-04-30,Eastern,Diesel,107.51
2025-05-01,Eastern,Diesel,109.04
2025-05-02,Eastern,Diesel,110.62
2025-05-03,Eastern,Diesel,108.34
2025-05-04,Eastern,Diesel,106.77
2025-05-05,Eastern,Diesel,105.86
2025-05-06,Eastern,Diesel,107.51
2025-05-07,Eastern,Diesel,106.98
2025-05-08,Eastern,Diesel,105.71
2025-05-09,Eastern,Diesel,111.25
2025-05-10,Eastern,Diesel,110.81
2025-05-11,Eastern,Diesel,109.66
2025-05-12,Eastern,Diesel,105.99
2025-05-13,Eastern,Diesel,109.21
2025-05-14,Eastern,Diesel,108.85
2025-05-15,Eastern,Diesel,108.52
2025-05-16,Eastern,Diesel,110.0
2025-05-17,Eastern,Diesel,108.92
2025-05-18,Eastern,Diesel,109.13
2025-05-19,Eastern,Diesel,108.97
2025-05-20,Eastern,Diesel,108.46
2025-05-21,Eastern,Diesel,104.66
2025-05-22,Eastern,Diesel,108.05
2025-05-23,Eastern,Diesel,106.92
2025-05-24,Eastern,Diesel,105.65
2025-05-25,Eastern,Diesel,111.0
2025-05-26,Eastern,Diesel,111.12
2025-05-27,Eastern,Diesel,110.48
2025-05-28,Eastern,Diesel,108.51
2025-05-29,Eastern,Diesel,110.51
2025-05-30,Eastern,Diesel,108.13
2025-05-31,Eastern,Diesel,108.5
2025-06-01,Eastern,Diesel,106.19
2025-06-02,Eastern,Diesel,108.9
2025-06-03,Eastern,Diesel,108.32
2025-06-04,Eastern,Diesel,105.89
2025-06-05,Eastern,Diesel,108.17
2025-06-06,Eastern,Diesel,108.14
2025-06-07,Eastern,Diesel,111.55
2025-06-08,Eastern,Diesel,109.95
2025-06-09,Eastern,Diesel,108.38
2025-06-10,Eastern,Diesel,108.84
2025-06-11,Eastern,Diesel,108.49
2025-06-12,Eastern,Diesel,108.07
2025-06-13,Eastern,Diesel,106.52
2025-06-14,Eastern,Diesel,108.22
2025-06-15,Eastern,Diesel,107.17
2025-06-16,Eastern,Diesel,106.29
2025-06-17,Eastern,Diesel,109.49
2025-06-18,Eastern,Diesel,109.3
2025-06-19,Eastern,Diesel,105.4
2025-06-20,Eastern,Diesel,108.42
2025-06-21,Eastern,Diesel,110.46
2025-06-22,Eastern,Diesel,110.6
2025-06-23,Eastern,Diesel,110.57
2025-06-24,Eastern,Diesel,108.82
2025-06-25,Eastern,Diesel,107.25
2025-06-26,Eastern,Diesel,106.85
2025-06-27,Eastern,Diesel,109.44
2025-06-28,Eastern,Diesel,109.53
2025-06-29,Eastern,Diesel,111.19
2025-06-30,Eastern,Diesel,110.88
2024-01-01,Northern,Diesel,89.04
2024-01-02,Northern,Diesel,91.11
2024-01-03,Northern,Diesel,91.09
2024-01-04,Northern,Diesel,92.01
2024-01-05,Northern,Diesel,90.62
2024-01-06,Northern,Diesel,92.49
2024-01-07,Northern,Diesel,93.49
2024-01-08,Northern,Diesel,91.97
2024-01-09,Northern,Diesel,92.35
2024-01-10,Northern,Diesel,91.84
2024-01-11,Northern,Diesel,91.77
2024-01-12,Northern,Diesel,90.5
2024-01-13,Northern,Diesel,92.39
2024-01-14,Northern,Diesel,91.67
2024-01-15,Northern,Diesel,95.64
2024-01-16,Northern,Diesel,94.73
2024-01-17,Northern,Diesel,92.62
2024-01-18,Northern,Diesel,90.58
2024-01-19,Northern,Diesel,89.97
2024-01-20,Northern,Diesel,94.15
2024-01-21,Northern,Diesel,92.5
2024-01-22,Northern,Diesel,92.92
2024-01-23,Northern,Diesel,88.94
2024-01-24,Northern,Diesel,93.77
2024-01-25,Northern,Diesel,92.95
2024-01-26,Northern,Diesel,90.16
2024-01-27,Northern,Diesel,91.33
2024-01-28,Northern,Diesel,92.68
2024-01-29,Northern,Diesel,92.33
2024-01-30,Northern,Diesel,91.73
2024-01-31,Northern,Diesel,92.1
2024-02-01,Northern,Diesel,91.86
2024-02-02,Northern,Diesel,92.61
2024-02-03,Northern,Diesel,95.01
2024-02-04,Northern,Diesel,87.77
2024-02-05,Northern,Diesel,91.99
2024-02-06,Northern,Diesel,92.76
2024-02-07,Northern,Diesel,93.0
2024-02-08,Northern,Diesel,91.82
2024-02-09,Northern,Diesel,89.35
2024-02-10,Northern,Diesel,93.13
2024-02-11,Northern,Diesel,95.68
2024-02-12,Northern,Diesel,89.83
2024-02-13,Northern,Diesel,94.17
2024-02-14,Northern,Diesel,92.05
2024-02-15,Northern,Diesel,92.56
2024-02-16,Northern,Diesel,90.8
2024-02-17,Northern,Diesel,92.12
2024-02-18,Northern,Diesel,95.09
2024-02-19,Northern,Diesel,93.82
2024-02-20,Northern,Diesel,95.92
2024-02-21,Northern,Diesel,94.94
2024-02-22,Northern,Diesel,93.64
2024-02-23,Northern,Diesel,96.01
2024-02-24,Northern,Diesel,93.69
2024-02-25,Northern,Diesel,94.42
2024-02-26,Northern,Diesel,92.42
2024-02-27,Northern,Diesel,93.1
2024-02-28,Northern,Diesel,91.75
2024-02-29,Northern,Diesel,94.81
2024-03-01,Northern,Diesel,90.93
2024-03-02,Northern,Diesel,94.49
2024-03-03,Northern,Diesel,92.76
2024-03-04,Northern,Diesel,95.24
2024-03-05,Northern,Diesel,94.51
2024-03-06,Northern,Diesel,96.46
2024-03-07,Northern,Diesel,94.52
2024-03-08,Northern,Diesel,90.4
2024-03-09,Northern,Diesel,93.14
2024-03-10,Northern,Diesel,91.18
2024-03-11,Northern,Diesel,92.38
2024-03-12,Northern,Diesel,96.06
2024-03-13,Northern,Diesel,94.51
2024-03-14,Northern,Diesel,92.13
2024-03-15,Northern,Diesel,91.59
2024-03-16,Northern,Diesel,93.5
2024-03-17,Northern,Diesel,91.27
2024-03-18,Northern,Diesel,92.28
2024-03-19,Northern,Diesel,94.08
2024-03-20,Northern,Diesel,95.62
2024-03-21,Northern,Diesel,94.66
2024-03-22,Northern,Diesel,89.47
2024-03-23,Northern,Diesel,94.17
2024-03-24,Northern,Diesel,93.77
2024-03-25,Northern,Diesel,94.41
2024-03-26,Northern,Diesel,96.6
2024-03-27,Northern,Diesel,90.01
2024-03-28,Northern,Diesel,92.68
2024-03-29,Northern,Diesel,94.84
2024-03-30,Northern,Diesel,90.95
2024-03-31,Northern,Diesel,96.48
2024-04-01,Northern,Diesel,94.51
2024-04-02,Northern,Diesel,95.4
2024-04-03,Northern,Diesel,92.87
2024-04-04,Northern,Diesel,95.39
2024-04-05,Northern,Diesel,95.87
2024-04-06,Northern,Diesel,94.4
2024-04-07,Northern,Diesel,94.42
2024-04-08,Northern,Diesel,94.52
2024-04-09,Northern,Diesel,92.5
2024-04-10,Northern,Diesel,93.81
2024-04-11,Northern,Diesel,93.83
2024-04-12,Northern,Diesel,94.82
2024-04-13,Northern,Diesel,95.96
2024-04-14,Northern,Diesel,92.28
2024-04-15,Northern,Diesel,93.98
2024-04-16,Northern,Diesel,96.9
2024-04-17,Northern,Diesel,92.92
2024-04-18,Northern,Diesel,92.8
2024-04-19,Northern,Diesel,94.67
2024-04-20,Northern,Diesel,95.86
2024-04-21,Northern,Diesel,94.38
2024-04-22,Northern,Diesel,96.78
2024-04-23,Northern,Diesel,95.96
2024-04-24,Northern,Diesel,95.95
2024-04-25,Northern,Diesel,95.46
2024-04-26,Northern,Diesel,98.68
2024-04-27,Northern,Diesel,94.15
2024-04-28,Northern,Diesel,90.93
2024-04-29,Northern,Diesel,97.45
2024-04-30,Northern,Diesel,93.77
2024-05-01,Northern,Diesel,94.81
2024-05-02,Northern,Diesel,97.0
2024-05-03,Northern,Diesel,91.79
2024-05-04,Northern,Diesel,92.44
2024-05-05,Northern,Diesel,91.84
2024-05-06,Northern,Diesel,93.32
2024-05-07,Northern,Diesel,95.56
2024-05-08,Northern,Diesel,95.74
2024-05-09,Northern,Diesel,95.32
2024-05-10,Northern,Diesel,92.31
2024-05-11,Northern,Diesel,90.72
2024-05-12,Northern,Diesel,95.0
2024-05-13,Northern,Diesel,94.08
2024-05-14,Northern,Diesel,95.78
2024-05-15,Northern,Diesel,96.24
2024-05-16,Northern,Diesel,95.25
2024-05-17,Northern,Diesel,96.4
2024-05-18,Northern,Diesel,95.47
2024-05-19,Northern,Diesel,96.03
2024-05-20,Northern,Diesel,93.84
2024-05-21,Northern,Diesel,94.81
2024-05-22,Northern,Diesel,95.51
2024-05-23,Northern,Diesel,96.66
2024-05-24,Northern,Diesel,94.5
2024-05-25,Northern,Diesel,96.17
2024-05-26,Northern,Diesel,94.78
2024-05-27,Northern,Diesel,95.07
2024-05-28,Northern,Diesel,96.8
2024-05-29,Northern,Diesel,91.75
2024-05-30,Northern,Diesel,93.03
2024-05-31,Northern,Diesel,92.72
2024-06-01,Northern,Diesel,91.21
2024-06-02,Northern,Diesel,94.22
2024-06-03,Northern,Diesel,96.81
2024-06-04,Northern,Diesel,94.98
2024-06-05,Northern,Diesel,95.87
2024-06-06,Northern,Diesel,97.5
2024-06-07,Northern,Diesel,97.96
2024-06-08,Northern,Diesel,95.47
2024-06-09,Northern,Diesel,98.05
2024-06-10,Northern,Diesel,95.81
2024-06-11,Northern,Diesel,94.16
2024-06-12,Northern,Diesel,94.63
2024-06-13,Northern,Diesel,93.06
2024-06-14,Northern,Diesel,94.15
2024-06-15,Northern,Diesel,95.13
2024-06-16,Northern,Diesel,97.24
2024-06-17,Northern,Diesel,98.92
2024-06-18,Northern,Diesel,93.36
2024-06-19,Northern,Diesel,96.58
2024-06-20,Northern,Diesel,94.03
2024-06-21,Northern,Diesel,96.78
2024-06-22,Northern,Diesel,95.72
2024-06-23,Northern,Diesel,92.68
2024-06-24,Northern,Diesel,97.67
2024-06-25,Northern,Diesel,94.94
2024-06-26,Northern,Diesel,95.09
2024-06-27,Northern,Diesel,94.15
2024-06-28,Northern,Diesel,94.93
2024-06-29,Northern,Diesel,96.9
2024-06-30,Northern,Diesel,95.82
2024-07-01,Northern,Diesel,96.77
2024-07-02,Northern,Diesel,96.86
2024-07-03,Northern,Diesel,98.61
2024-07-04,Northern,Diesel,95.64
2024-07-05,Northern,Diesel,93.63
2024-07-06,Northern,Diesel,98.23
2024-07-07,Northern,Diesel,95.74
2024-07-08,Northern,Diesel,98.37
2024-07-09,Northern,Diesel,97.08
2024-07-10,Northern,Diesel,96.18
2024-07-11,Northern,Diesel,97.07
2024-07-12,Northern,Diesel,99.98
2024-07-13,Northern,Diesel,100.23
2024-07-14,Northern,Diesel,96.64
2024-07-15,Northern,Diesel,96.83
2024-07-16,Northern,Diesel,98.5
2024-07-17,Northern,Diesel,95.07
2024-07-18,Northern,Diesel,97.22
2024-07-19,Northern,Diesel,96.6
2024-07-20,Northern,Diesel,97.23
2024-07-21,Northern,Diesel,95.2
2024-07-22,Northern,Diesel,93.86
2024-07-23,Northern,Diesel,93.02
2024-07-24,Northern,Diesel,94.76
2024-07-25,Northern,Diesel,95.97
2024-07-26,Northern,Diesel,96.3
2024-07-27,Northern,Diesel,100.34
2024-07-28,Northern,Diesel,98.87
2024-07-29,Northern,Diesel,95.17
2024-07-30,Northern,Diesel,97.55
2024-07-31,Northern,Diesel,96.22
2024-08-01,Northern,Diesel,96.47
2024-08-02,Northern,Diesel,97.34
2024-08-03,Northern,Diesel,98.14
2024-08-04,Northern,Diesel,96.44
2024-08-05,Northern,Diesel,98.99
2024-08-06,Northern,Diesel,95.05
2024-08-07,Northern,Diesel,97.14
2024-08-08,Northern,Diesel,101.83
2024-08-09,Northern,Diesel,97.58
2024-08-10,Northern,Diesel,99.79
2024-08-11,Northern,Diesel,97.4
2024-08-12,Northern,Diesel,98.3
2024-08-13,Northern,Diesel,97.18
2024-08-14,Northern,Diesel,97.0
2024-08-15,Northern,Diesel,95.93
2024-08-16,Northern,Diesel,98.14
2024-08-17,Northern,Diesel,95.85
2024-08-18,Northern,Diesel,98.61
2024-08-19,Northern,Diesel,99.39
2024-08-20,Northern,Diesel,98.12
2024-08-21,Northern,Diesel,96.97
2024-08-22,Northern,Diesel,98.33
2024-08-23,Northern,Diesel,96.99
2024-08-24,Northern,Diesel,99.25
2024-08-25,Northern,Diesel,94.3
2024-08-26,Northern,Diesel,97.01
2024-08-27,Northern,Diesel,94.06
2024-08-28,Northern,Diesel,94.98
2024-08-29,Northern,Diesel,100.15
2024-08-30,Northern,Diesel,99.33
2024-08-31,Northern,Diesel,96.45
2024-09-01,Northern,Diesel,95.07
2024-09-02,Northern,Diesel,92.46
2024-09-03,Northern,Diesel,96.85
2024-09-04,Northern,Diesel,102.21
2024-09-05,Northern,Diesel,98.66
2024-09-06,Northern,Diesel,96.89
2024-09-07,Northern,Diesel,98.76
2024-09-08,Northern,Diesel,95.14
2024-09-09,Northern,Diesel,97.44
2024-09-10,Northern,Diesel,98.18
2024-09-11,Northern,Diesel,97.87
2024-09-12,Northern,Diesel,99.48
2024-09-13,Northern,Diesel,98.7
2024-09-14,Northern,Diesel,99.31
2024-09-15,Northern,Diesel,96.89
2024-09-16,Northern,Diesel,99.77
2024-09-17,Northern,Diesel,101.11
2024-09-18,Northern,Diesel,96.46
2024-09-19,Northern,Diesel,96.64
2024-09-20,Northern,Diesel,100.66
2024-09-21,Northern,Diesel,97.94
2024-09-22,Northern,Diesel,100.84
2024-09-23,Northern,Diesel,97.54
2024-09-24,Northern,Diesel,100.98
2024-09-25,Northern,Diesel,98.62
2024-09-26,Northern,Diesel,98.88
2024-09-27,Northern,Diesel,101.26
2024-09-28,Northern,Diesel,97.81
2024-09-29,Northern,Diesel,96.8
2024-09-30,Northern,Diesel,97.71
2024-10-01,Northern,Diesel,99.36
2024-10-02,Northern,Diesel,95.75
2024-10-03,Northern,Diesel,99.74
2024-10-04,Northern,Diesel,97.65
2024-10-05,Northern,Diesel,100.71
2024-10-06,Northern,Diesel,94.36
2024-10-07,Northern,Diesel,97.28
2024-10-08,Northern,Diesel,95.69
2024-10-09,Northern,Diesel,97.26
2024-10-10,Northern,Diesel,99.22
2024-10-11,Northern,Diesel,98.48
2024-10-12,Northern,Diesel,98.37
2024-10-13,Northern,Diesel,98.56
2024-10-14,Northern,Diesel,99.24
2024-10-15,Northern,Diesel,97.08
2024-10-16,Northern,Diesel,100.2
2024-10-17,Northern,Diesel,100.14
2024-10-18,Northern,Diesel,99.67
2024-10-19,Northern,Diesel,100.0
2024-10-20,Northern,Diesel,99.56
2024-10-21,Northern,Diesel,102.72
2024-10-22,Northern,Diesel,98.92
2024-10-23,Northern,Diesel,98.55
2024-10-24,Northern,Diesel,97.77
2024-10-25,Northern,Diesel,97.3
2024-10-26,Northern,Diesel,96.94
2024-10-27,Northern,Diesel,97.61
2024-10-28,Northern,Diesel,99.11
2024-10-29,Northern,Diesel,99.86
2024-10-30,Northern,Diesel,99.38
2024-10-31,Northern,Diesel,97.93
2024-11-01,Northern,Diesel,100.96
2024-11-02,Northern,Diesel,100.69
2024-11-03,Northern,Diesel,99.1
2024-11-04,Northern,Diesel,98.24
2024-11-05,Northern,Diesel,100.43
2024-11-06,Northern,Diesel,99.8
2024-11-07,Northern,Diesel,96.88
2024-11-08,Northern,Diesel,99.39
2024-11-09,Northern,Diesel,100.01
2024-11-10,Northern,Diesel,97.95
2024-11-11,Northern,Diesel,99.93
2024-11-12,Northern,Diesel,97.0
2024-11-13,Northern,Diesel,102.05
2024-11-14,Northern,Diesel,101.92
2024-11-15,Northern,Diesel,99.24
2024-11-16,Northern,Diesel,100.37
2024-11-17,Northern,Diesel,95.41
2024-11-18,Northern,Diesel,97.69
2024-11-19,Northern,Diesel,99.27
2024-11-20,Northern,Diesel,97.89
2024-11-21,Northern,Diesel,101.13
2024-11-22,Northern,Diesel,103.47
2024-11-23,Northern,Diesel,97.78
2024-11-24,Northern,Diesel,98.42
2024-11-25,Northern,Diesel,100.38
2024-11-26,Northern,Diesel,102.88
2024-11-27,Northern,Diesel,97.8
2024-11-28,Northern,Diesel,100.48
2024-11-29,Northern,Diesel,103.33
2024-11-30,Northern,Diesel,97.11
2024-12-01,Northern,Diesel,97.8
2024-12-02,Northern,Diesel,99.37
2024-12-03,Northern,Diesel,99.22
2024-12-04,Northern,Diesel,101.64
2024-12-05,Northern,Diesel,100.64
2024-12-06,Northern,Diesel,97.04
2024-12-07,Northern,Diesel,101.19
2024-12-08,Northern,Diesel,99.25
2024-12-09,Northern,Diesel,102.6
2024-12-10,Northern,Diesel,99.21
2024-12-11,Northern,Diesel,99.22
2024-12-12,Northern,Diesel,101.36
2024-12-13,Northern,Diesel,101.79
2024-12-14,Northern,Diesel,101.25
2024-12-15,Northern,Diesel,97.43
2024-12-16,Northern,Diesel,101.46
2024-12-17,Northern,Diesel,98.65
2024-12-18,Northern,Diesel,100.96
2024-12-19,Northern,Diesel,98.0
2024-12-20,Northern,Diesel,101.4
2024-12-21,Northern,Diesel,99.17
2024-12-22,Northern,Diesel,98.34
2024-12-23,Northern,Diesel,101.95
2024-12-24,Northern,Diesel,101.13
2024-12-25,Northern,Diesel,99.62
2024-12-26,Northern,Diesel,103.36
2024-12-27,Northern,Diesel,99.98
2024-12-28,Northern,Diesel,100.86
2024-12-29,Northern,Diesel,101.31
2024-12-30,Northern,Diesel,99.73
2024-12-31,Northern,Diesel,101.72
2025-01-01,Northern,Diesel,99.94
2025-01-02,Northern,Diesel,100.18
2025-01-03,Northern,Diesel,103.4
2025-01-04,Northern,Diesel,99.1
2025-01-05,Northern,Diesel,96.66
2025-01-06,Northern,Diesel,103.93
2025-01-07,Northern,Diesel,105.64
2025-01-08,Northern,Diesel,100.35
2025-01-09,Northern,Diesel,97.62
2025-01-10,Northern,Diesel,100.57
2025-01-11,Northern,Diesel,100.64
2025-01-12,Northern,Diesel,100.84
2025-01-13,Northern,Diesel,99.2
2025-01-14,Northern,Diesel,102.28
2025-01-15,Northern,Diesel,102.2
2025-01-16,Northern,Diesel,98.59
2025-01-17,Northern,Diesel,102.57
2025-01-18,Northern,Diesel,105.03
2025-01-19,Northern,Diesel,101.67
2025-01-20,Northern,Diesel,100.78
2025-01-21,Northern,Diesel,101.16
2025-01-22,Northern,Diesel,102.55
2025-01-23,Northern,Diesel,98.35
2025-01-24,Northern,Diesel,101.79
2025-01-25,Northern,Diesel,100.81
2025-01-26,Northern,Diesel,104.87
2025-01-27,Northern,Diesel,101.25
2025-01-28,Northern,Diesel,104.59
2025-01-29,Northern,Diesel,99.63
2025-01-30,Northern,Diesel,102.7
2025-01-31,Northern,Diesel,102.24
2025-02-01,Northern,Diesel,100.13
2025-02-02,Northern,Diesel,102.04
2025-02-03,Northern,Diesel,103.93
2025-02-04,Northern,Diesel,101.19
2025-02-05,Northern,Diesel,98.75
2025-02-06,Northern,Diesel,101.79
2025-02-07,Northern,Diesel,100.22
2025-02-08,Northern,Diesel,101.26
2025-02-09,Northern,Diesel,101.75
2025-02-10,Northern,Diesel,98.86
2025-02-11,Northern,Diesel,99.04
2025-02-12,Northern,Diesel,102.84
2025-02-13,Northern,Diesel,101.06
2025-02-14,Northern,Diesel,97.41
2025-02-15,Northern,Diesel,103.47
2025-02-16,Northern,Diesel,102.57
2025-02-17,Northern,Diesel,100.82
2025-02-18,Northern,Diesel,99.76
2025-02-19,Northern,Diesel,103.66
2025-02-20,Northern,Diesel,102.81
2025-02-21,Northern,Diesel,106.5
2025-02-22,Northern,Diesel,102.99
2025-02-23,Northern,Diesel,102.96
2025-02-24,Northern,Diesel,101.98
2025-02-25,Northern,Diesel,103.78
2025-02-26,Northern,Diesel,103.46
2025-02-27,Northern,Diesel,104.61
2025-02-28,Northern,Diesel,101.45
2025-03-01,Northern,Diesel,101.63
2025-03-02,Northern,Diesel,101.58
2025-03-03,Northern,Diesel,103.89
2025-03-04,Northern,Diesel,105.19
2025-03-05,Northern,Diesel,101.69
2025-03-06,Northern,Diesel,101.78
2025-03-07,Northern,Diesel,103.13
2025-03-08,Northern,Diesel,102.15
2025-03-09,Northern,Diesel,104.33
2025-03-10,Northern,Diesel,98.59
2025-03-11,Northern,Diesel,101.18
2025-03-12,Northern,Diesel,101.29
2025-03-13,Northern,Diesel,98.54
2025-03-14,Northern,Diesel,101.01
2025-03-15,Northern,Diesel,101.12
2025-03-16,Northern,Diesel,102.44
2025-03-17,Northern,Diesel,104.83
2025-03-18,Northern,Diesel,102.41
2025-03-19,Northern,Diesel,101.02
2025-03-20,Northern,Diesel,102.8
2025-03-21,Northern,Diesel,104.81
2025-03-22,Northern,Diesel,101.19
2025-03-23,Northern,Diesel,101.34
2025-03-24,Northern,Diesel,104.01
2025-03-25,Northern,Diesel,102.63
2025-03-26,Northern,Diesel,104.22
2025-03-27,Northern,Diesel,103.06
2025-03-28,Northern,Diesel,104.37
2025-03-29,Northern,Diesel,101.27
2025-03-30,Northern,Diesel,103.13
2025-03-31,Northern,Diesel,102.8
2025-04-01,Northern,Diesel,101.02
2025-04-02,Northern,Diesel,100.42
2025-04-03,Northern,Diesel,104.49
2025-04-04,Northern,Diesel,102.65
2025-04-05,Northern,Diesel,101.47
2025-04-06,Northern,Diesel,103.16
2025-04-07,Northern,Diesel,105.39
2025-04-08,Northern,Diesel,99.28
2025-04-09,Northern,Diesel,100.72
2025-04-10,Northern,Diesel,101.78
2025-04-11,Northern,Diesel,106.09
2025-04-12,Northern,Diesel,104.0
2025-04-13,Northern,Diesel,104.9
2025-04-14,Northern,Diesel,101.49
2025-04-15,Northern,Diesel,101.55
2025-04-16,Northern,Diesel,104.4
2025-04-17,Northern,Diesel,103.72
2025-04-18,Northern,Diesel,104.63
2025-04-19,Northern,Diesel,103.33
2025-04-20,Northern,Diesel,104.2
2025-04-21,Northern,Diesel,104.01
2025-04-22,Northern,Diesel,105.15
2025-04-23,Northern,Diesel,105.22
2025-04-24,Northern,Diesel,100.88
2025-04-25,Northern,Diesel,99.78
2025-04-26,Northern,Diesel,105.65
2025-04-27,Northern,Diesel,106.01
2025-04-28,Northern,Diesel,102.06
2025-04-29,Northern,Diesel,100.58
2025-04-30,Northern,Diesel,104.13
2025-05-01,Northern,Diesel,105.65
2025-05-02,Northern,Diesel,107.24
2025-05-03,Northern,Diesel,104.96
2025-05-04,Northern,Diesel,103.39
2025-05-05,Northern,Diesel,102.47
2025-05-06,Northern,Diesel,104.13
2025-05-07,Northern,Diesel,103.59
2025-05-08,Northern,Diesel,102.33
2025-05-09,Northern,Diesel,107.87
2025-05-10,Northern,Diesel,107.42
2025-05-11,Northern,Diesel,106.28
2025-05-12,Northern,Diesel,102.6
2025-05-13,Northern,Diesel,105.82
2025-05-14,Northern,Diesel,105.46
2025-05-15,Northern,Diesel,105.13
2025-05-16,Northern,Diesel,106.61
2025-05-17,Northern,Diesel,105.53
2025-05-18,Northern,Diesel,105.75
2025-05-19,Northern,Diesel,105.59
2025-05-20,Northern,Diesel,105.08
2025-05-21,Northern,Diesel,101.28
2025-05-22,Northern,Diesel,104.67
2025-05-23,Northern,Diesel,103.54
2025-05-24,Northern,Diesel,102.26
2025-05-25,Northern,Diesel,107.62
2025-05-26,Northern,Diesel,107.73
2025-05-27,Northern,Diesel,107.09
2025-05-28,Northern,Diesel,105.13
2025-05-29,Northern,Diesel,107.13
2025-05-30,Northern,Diesel,104.74
2025-05-31,Northern,Diesel,105.11
2025-06-01,Northern,Diesel,102.8
2025-06-02,Northern,Diesel,105.51
2025-06-03,Northern,Diesel,104.93
2025-06-04,Northern,Diesel,102.5
2025-06-05,Northern,Diesel,104.78
2025-06-06,Northern,Diesel,104.76
2025-06-07,Northern,Diesel,108.16
2025-06-08,Northern,Diesel,106.56
2025-06-09,Northern,Diesel,105.0
2025-06-10,Northern,Diesel,105.45
2025-06-11,Northern,Diesel,105.11
2025-06-12,Northern,Diesel,104.69
2025-06-13,Northern,Diesel,103.13
2025-06-14,Northern,Diesel,104.83
2025-06-15,Northern,Diesel,103.79
2025-06-16,Northern,Diesel,102.91
2025-06-17,Northern,Diesel,106.1
2025-06-18,Northern,Diesel,105.91
2025-06-19,Northern,Diesel,102.02
2025-06-20,Northern,Diesel,105.04
2025-06-21,Northern,Diesel,107.08
2025-06-22,Northern,Diesel,107.22
2025-06-23,Northern,Diesel,107.18
2025-06-24,Northern,Diesel,105.43
2025-06-25,Northern,Diesel,103.87
2025-06-26,Northern,Diesel,103.46
2025-06-27,Northern,Diesel,106.06
2025-06-28,Northern,Diesel,106.15
2025-06-29,Northern,Diesel,107.81
2025-06-30,Northern,Diesel,107.5
2024-01-01,Southern,Diesel,89.61
2024-01-02,Southern,Diesel,91.68
2024-01-03,Southern,Diesel,91.66
2024-01-04,Southern,Diesel,92.58
2024-01-05,Southern,Diesel,91.19
2024-01-06,Southern,Diesel,93.06
2024-01-07,Southern,Diesel,94.06
2024-01-08,Southern,Diesel,92.55
2024-01-09,Southern,Diesel,92.93
2024-01-10,Southern,Diesel,92.41
2024-01-11,Southern,Diesel,92.34
2024-01-12,Southern,Diesel,91.07
2024-01-13,Southern,Diesel,92.96
2024-01-14,Southern,Diesel,92.25
2024-01-15,Southern,Diesel,96.21
2024-01-16,Southern,Diesel,95.3
2024-01-17,Southern,Diesel,93.19
2024-01-18,Southern,Diesel,91.15
2024-01-19,Southern,Diesel,90.55
2024-01-20,Southern,Diesel,94.72
2024-01-21,Southern,Diesel,93.07
2024-01-22,Southern,Diesel,93.49
2024-01-23,Southern,Diesel,89.51
2024-01-24,Southern,Diesel,94.35
2024-01-25,Southern,Diesel,93.52
2024-01-26,Southern,Diesel,90.73
2024-01-27,Southern,Diesel,91.91
2024-01-28,Southern,Diesel,93.25
2024-01-29,Southern,Diesel,92.9
2024-01-30,Southern,Diesel,92.31
2024-01-31,Southern,Diesel,92.67
2024-02-01,Southern,Diesel,92.43
2024-02-02,Southern,Diesel,93.18
2024-02-03,Southern,Diesel,95.58
2024-02-04,Southern,Diesel,88.34
2024-02-05,Southern,Diesel,92.56
2024-02-06,Southern,Diesel,93.33
2024-02-07,Southern,Diesel,93.57
2024-02-08,Southern,Diesel,92.39
2024-02-09,Southern,Diesel,89.93
2024-02-10,Southern,Diesel,93.7
2024-02-11,Southern,Diesel,96.25
2024-02-12,Southern,Diesel,90.4
2024-02-13,Southern,Diesel,94.74
2024-02-14,Southern,Diesel,92.62
2024-02-15,Southern,Diesel,93.13
2024-02-16,Southern,Diesel,91.37
2024-02-17,Southern,Diesel,92.69
2024-02-18,Southern,Diesel,95.66
2024-02-19,Southern,Diesel,94.39
2024-02-20,Southern,Diesel,96.49
2024-02-21,Southern,Diesel,95.51
2024-02-22,Southern,Diesel,94.21
2024-02-23,Southern,Diesel,96.59
2024-02-24,Southern,Diesel,94.26
2024-02-25,Southern,Diesel,94.99
2024-02-26,Southern,Diesel,92.99
2024-02-27,Southern,Diesel,93.67
2024-02-28,Southern,Diesel,92.32
2024-02-29,Southern,Diesel,95.38
2024-03-01,Southern,Diesel,91.51
2024-03-02,Southern,Diesel,95.06
2024-03-03,Southern,Diesel,93.33
2024-03-04,Southern,Diesel,95.81
2024-03-05,Southern,Diesel,95.08
2024-03-06,Southern,Diesel,97.03
2024-03-07,Southern,Diesel,95.1
2024-03-08,Southern,Diesel,90.98
2024-03-09,Southern,Diesel,93.71
2024-03-10,Southern,Diesel,91.75
2024-03-11,Southern,Diesel,92.95
2024-03-12,Southern,Diesel,96.63
2024-03-13,Southern,Diesel,95.08
2024-03-14,Southern,Diesel,92.7
2024-03-15,Southern,Diesel,92.16
2024-03-16,Southern,Diesel,94.07
2024-03-17,Southern,Diesel,91.85
2024-03-18,Southern,Diesel,92.85
2024-03-19,Southern,Diesel,94.65
2024-03-20,Southern,Diesel,96.19
2024-03-21,Southern,Diesel,95.23
2024-03-22,Southern,Diesel,90.04
2024-03-23,Southern,Diesel,94.74
2024-03-24,Southern,Diesel,94.35
2024-03-25,Southern,Diesel,94.99
2024-03-26,Southern,Diesel,97.18
2024-03-27,Southern,Diesel,90.58
2024-03-28,Southern,Diesel,93.25
2024-03-29,Southern,Diesel,95.41
2024-03-30,Southern,Diesel,91.52
2024-03-31,Southern,Diesel,97.05
2024-04-01,Southern,Diesel,95.08
2024-04-02,Southern,Diesel,95.97
2024-04-03,Southern,Diesel,93.44
2024-04-04,Southern,Diesel,95.96
2024-04-05,Southern,Diesel,96.45
2024-04-06,Southern,Diesel,94.97
2024-04-07,Southern,Diesel,95.0
2024-04-08,Southern,Diesel,95.09
2024-04-09,Southern,Diesel,93.07
2024-04-10,Southern,Diesel,94.39
2024-04-11,Southern,Diesel,94.4
2024-04-12,Southern,Diesel,95.39
2024-04-13,Southern,Diesel,96.53
2024-04-14,Southern,Diesel,92.85
2024-04-15,Southern,Diesel,94.55
2024-04-16,Southern,Diesel,97.47
2024-04-17,Southern,Diesel,93.49
2024-04-18,Southern,Diesel,93.38
2024-04-19,Southern,Diesel,95.25
2024-04-20,Southern,Diesel,96.43
2024-04-21,Southern,Diesel,94.95
2024-04-22,Southern,Diesel,97.35
2024-04-23,Southern,Diesel,96.53
2024-04-24,Southern,Diesel,96.53
2024-04-25,Southern,Diesel,96.03
2024-04-26,Southern,Diesel,99.25
2024-04-27,Southern,Diesel,94.72
2024-04-28,Southern,Diesel,91.51
2024-04-29,Southern,Diesel,98.03
2024-04-30,Southern,Diesel,94.34
2024-05-01,Southern,Diesel,95.38
2024-05-02,Southern,Diesel,97.57
2024-05-03,Southern,Diesel,92.36
2024-05-04,Southern,Diesel,93.01
2024-05-05,Southern,Diesel,92.41
2024-05-06,Southern,Diesel,93.89
2024-05-07,Southern,Diesel,96.14
2024-05-08,Southern,Diesel,96.31
2024-05-09,Southern,Diesel,95.89
2024-05-10,Southern,Diesel,92.88
2024-05-11,Southern,Diesel,91.29
2024-05-12,Southern,Diesel,95.57
2024-05-13,Southern,Diesel,94.65
2024-05-14,Southern,Diesel,96.35
2024-05-15,Southern,Diesel,96.81
2024-05-16,Southern,Diesel,95.82
2024-05-17,Southern,Diesel,96.97
2024-05-18,Southern,Diesel,96.04
2024-05-19,Southern,Diesel,96.61
2024-05-20,Southern,Diesel,94.41
2024-05-21,Southern,Diesel,95.38
2024-05-22,Southern,Diesel,96.08
2024-05-23,Southern,Diesel,97.23
2024-05-24,Southern,Diesel,95.07
2024-05-25,Southern,Diesel,96.74
2024-05-26,Southern,Diesel,95.35
2024-05-27,Southern,Diesel,95.65
2024-05-28,Southern,Diesel,97.38
2024-05-29,Southern,Diesel,92.32
2024-05-30,Southern,Diesel,93.6
2024-05-31,Southern,Diesel,93.29
2024-06-01,Southern,Diesel,91.78
2024-06-02,Southern,Diesel,94.79
2024-06-03,Southern,Diesel,97.39
2024-06-04,Southern,Diesel,95.55
2024-06-05,Southern,Diesel,96.44
2024-06-06,Southern,Diesel,98.07
2024-06-07,Southern,Diesel,98.53
2024-06-08,Southern,Diesel,96.04
2024-06-09,Southern,Diesel,98.63
2024-06-10,Southern,Diesel,96.38
2024-06-11,Southern,Diesel,94.73
2024-06-12,Southern,Diesel,95.2
2024-06-13,Southern,Diesel,93.63
2024-06-14,Southern,Diesel,94.72
2024-06-15,Southern,Diesel,95.7
2024-06-16,Southern,Diesel,97.82
2024-06-17,Southern,Diesel,99.49
2024-06-18,Southern,Diesel,93.93
2024-06-19,Southern,Diesel,97.15
2024-06-20,Southern,Diesel,94.6
2024-06-21,Southern,Diesel,97.35
2024-06-22,Southern,Diesel,96.29
2024-06-23,Southern,Diesel,93.25
2024-06-24,Southern,Diesel,98.25
2024-06-25,Southern,Diesel,95.51
2024-06-26,Southern,Diesel,95.66
2024-06-27,Southern,Diesel,94.73
2024-06-28,Southern,Diesel,95.5
2024-06-29,Southern,Diesel,97.47
2024-06-30,Southern,Diesel,96.39
2024-07-01,Southern,Diesel,97.35
2024-07-02,Southern,Diesel,97.43
2024-07-03,Southern,Diesel,99.18
2024-07-04,Southern,Diesel,96.21
2024-07-05,Southern,Diesel,94.2
2024-07-06,Southern,Diesel,98.8
2024-07-07,Southern,Diesel,96.31
2024-07-08,Southern,Diesel,98.94
2024-07-09,Southern,Diesel,97.65
2024-07-10,Southern,Diesel,96.75
2024-07-11,Southern,Diesel,97.64
2024-07-12,Southern,Diesel,100.55
2024-07-13,Southern,Diesel,100.8
2024-07-14,Southern,Diesel,97.21
2024-07-15,Southern,Diesel,97.4
2024-07-16,Southern,Diesel,99.08
2024-07-17,Southern,Diesel,95.64
2024-07-18,Southern,Diesel,97.79
2024-07-19,Southern,Diesel,97.17
2024-07-20,Southern,Diesel,97.81
2024-07-21,Southern,Diesel,95.77
2024-07-22,Southern,Diesel,94.43
2024-07-23,Southern,Diesel,93.59
2024-07-24,Southern,Diesel,95.33
2024-07-25,Southern,Diesel,96.54
2024-07-26,Southern,Diesel,96.87
2024-07-27,Southern,Diesel,100.91
2024-07-28,Southern,Diesel,99.44
2024-07-29,Southern,Diesel,95.74
2024-07-30,Southern,Diesel,98.12
2024-07-31,Southern,Diesel,96.79
2024-08-01,Southern,Diesel,97.04
2024-08-02,Southern,Diesel,97.91
2024-08-03,Southern,Diesel,98.71
2024-08-04,Southern,Diesel,97.02
2024-08-05,Southern,Diesel,99.57
2024-08-06,Southern,Diesel,95.62
2024-08-07,Southern,Diesel,97.71
2024-08-08,Southern,Diesel,102.4
2024-08-09,Southern,Diesel,98.16
2024-08-10,Southern,Diesel,100.36
2024-08-11,Southern,Diesel,97.97
2024-08-12,Southern,Diesel,98.88
2024-08-13,Southern,Diesel,97.75
2024-08-14,Southern,Diesel,97.58
2024-08-15,Southern,Diesel,96.5
2024-08-16,Southern,Diesel,98.71
2024-08-17,Southern,Diesel,96.43
2024-08-18,Southern,Diesel,99.18
2024-08-19,Southern,Diesel,99.96
2024-08-20,Southern,Diesel,98.7
2024-08-21,Southern,Diesel,97.55
2024-08-22,Southern,Diesel,98.9
2024-08-23,Southern,Diesel,97.56
2024-08-24,Southern,Diesel,99.82
2024-08-25,Southern,Diesel,94.87
2024-08-26,Southern,Diesel,97.59
2024-08-27,Southern,Diesel,94.63
2024-08-28,Southern,Diesel,95.55
2024-08-29,Southern,Diesel,100.72
2024-08-30,Southern,Diesel,99.9
2024-08-31,Southern,Diesel,97.02
2024-09-01,Southern,Diesel,95.64
2024-09-02,Southern,Diesel,93.03
2024-09-03,Southern,Diesel,97.42
2024-09-04,Southern,Diesel,102.78
2024-09-05,Southern,Diesel,99.23
2024-09-06,Southern,Diesel,97.46
2024-09-07,Southern,Diesel,99.33
2024-09-08,Southern,Diesel,95.71
2024-09-09,Southern,Diesel,98.01
2024-09-10,Southern,Diesel,98.75
2024-09-11,Southern,Diesel,98.45
2024-09-12,Southern,Diesel,100.05
2024-09-13,Southern,Diesel,99.27
2024-09-14,Southern,Diesel,99.88
2024-09-15,Southern,Diesel,97.46
2024-09-16,Southern,Diesel,100.34
2024-09-17,Southern,Diesel,101.69
2024-09-18,Southern,Diesel,97.03
2024-09-19,Southern,Diesel,97.21
2024-09-20,Southern,Diesel,101.24
2024-09-21,Southern,Diesel,98.51
2024-09-22,Southern,Diesel,101.41
2024-09-23,Southern,Diesel,98.11
2024-09-24,Southern,Diesel,101.55
2024-09-25,Southern,Diesel,99.2
2024-09-26,Southern,Diesel,99.45
2024-09-27,Southern,Diesel,101.83
2024-09-28,Southern,Diesel,98.39
2024-09-29,Southern,Diesel,97.37
2024-09-30,Southern,Diesel,98.28
2024-10-01,Southern,Diesel,99.93
2024-10-02,Southern,Diesel,96.32
2024-10-03,Southern,Diesel,100.31
2024-10-04,Southern,Diesel,98.22
2024-10-05,Southern,Diesel,101.28
2024-10-06,Southern,Diesel,94.93
2024-10-07,Southern,Diesel,97.85
2024-10-08,Southern,Diesel,96.26
2024-10-09,Southern,Diesel,97.83
2024-10-10,Southern,Diesel,99.79
2024-10-11,Southern,Diesel,99.05
2024-10-12,Southern,Diesel,98.94
2024-10-13,Southern,Diesel,99.13
2024-10-14,Southern,Diesel,99.81
2024-10-15,Southern,Diesel,97.66
2024-10-16,Southern,Diesel,100.77
2024-10-17,Southern,Diesel,100.72
2024-10-18,Southern,Diesel,100.24
2024-10-19,Southern,Diesel,100.58
2024-10-20,Southern,Diesel,100.13
2024-10-21,Southern,Diesel,103.29
2024-10-22,Southern,Diesel,99.49
2024-10-23,Southern,Diesel,99.12
2024-10-24,Southern,Diesel,98.35
2024-10-25,Southern,Diesel,97.87
2024-10-26,Southern,Diesel,97.51
2024-10-27,Southern,Diesel,98.18
2024-10-28,Southern,Diesel,99.68
2024-10-29,Southern,Diesel,100.43
2024-10-30,Southern,Diesel,99.95
2024-10-31,Southern,Diesel,98.5
2024-11-01,Southern,Diesel,101.53
2024-11-02,Southern,Diesel,101.26
2024-11-03,Southern,Diesel,99.67
2024-11-04,Southern,Diesel,98.81
2024-11-05,Southern,Diesel,101.0
2024-11-06,Southern,Diesel,100.37
2024-11-07,Southern,Diesel,97.46
2024-11-08,Southern,Diesel,99.97
2024-11-09,Southern,Diesel,100.58
2024-11-10,Southern,Diesel,98.52
2024-11-11,Southern,Diesel,100.51
2024-11-12,Southern,Diesel,97.57
2024-11-13,Southern,Diesel,102.62
2024-11-14,Southern,Diesel,102.49
2024-11-15,Southern,Diesel,99.81
2024-11-16,Southern,Diesel,100.95
2024-11-17,Southern,Diesel,95.98
2024-11-18,Southern,Diesel,98.26
2024-11-19,Southern,Diesel,99.84
2024-11-20,Southern,Diesel,98.47
2024-11-21,Southern,Diesel,101.71
2024-11-22,Southern,Diesel,104.04
2024-11-23,Southern,Diesel,98.35
2024-11-24,Southern,Diesel,98.99
2024-11-25,Southern,Diesel,100.95
2024-11-26,Southern,Diesel,103.45
2024-11-27,Southern,Diesel,98.37
2024-11-28,Southern,Diesel,101.05
2024-11-29,Southern,Diesel,103.9
2024-11-30,Southern,Diesel,97.68
2024-12-01,Southern,Diesel,98.37
2024-12-02,Southern,Diesel,99.94
2024-12-03,Southern,Diesel,99.79
2024-12-04,Southern,Diesel,102.22
2024-12-05,Southern,Diesel,101.21
2024-12-06,Southern,Diesel,97.61
2024-12-07,Southern,Diesel,101.76
2024-12-08,Southern,Diesel,99.82
2024-12-09,Southern,Diesel,103.18
2024-12-10,Southern,Diesel,99.78
2024-12-11,Southern,Diesel,99.79
2024-12-12,Southern,Diesel,101.93
2024-12-13,Southern,Diesel,102.36
2024-12-14,Southern,Diesel,101.82
2024-12-15,Southern,Diesel,98.0
2024-12-16,Southern,Diesel,102.03
2024-12-17,Southern,Diesel,99.23
2024-12-18,Southern,Diesel,101.54
2024-12-19,Southern,Diesel,98.58
2024-12-20,Southern,Diesel,101.97
2024-12-21,Southern,Diesel,99.74
2024-12-22,Southern,Diesel,98.91
2024-12-23,Southern,Diesel,102.53
2024-12-24,Southern,Diesel,101.7
2024-12-25,Southern,Diesel,100.19
2024-12-26,Southern,Diesel,103.93
2024-12-27,Southern,Diesel,100.55
2024-12-28,Southern,Diesel,101.43
2024-12-29,Southern,Diesel,101.88
2024-12-30,Southern,Diesel,100.31
2024-12-31,Southern,Diesel,102.29
2025-01-01,Southern,Diesel,100.51
2025-01-02,Southern,Diesel,100.76
2025-01-03,Southern,Diesel,103.98
2025-01-04,Southern,Diesel,99.68
2025-01-05,Southern,Diesel,97.23
2025-01-06,Southern,Diesel,104.5
2025-01-07,Southern,Diesel,106.21
2025-01-08,Southern,Diesel,100.92
2025-01-09,Southern,Diesel,98.19
2025-01-10,Southern,Diesel,101.14
2025-01-11,Southern,Diesel,101.21
2025-01-12,Southern,Diesel,101.41
2025-01-13,Southern,Diesel,99.78
2025-01-14,Southern,Diesel,102.85
2025-01-15,Southern,Diesel,102.78
2025-01-16,Southern,Diesel,99.17
2025-01-17,Southern,Diesel,103.14
2025-01-18,Southern,Diesel,105.6
2025-01-19,Southern,Diesel,102.24
2025-01-20,Southern,Diesel,101.35
2025-01-21,Southern,Diesel,101.73
2025-01-22,Southern,Diesel,103.12
2025-01-23,Southern,Diesel,98.92
2025-01-24,Southern,Diesel,102.36
2025-01-25,Southern,Diesel,101.38
2025-01-26,Southern,Diesel,105.44
2025-01-27,Southern,Diesel,101.83
2025-01-28,Southern,Diesel,105.17
2025-01-29,Southern,Diesel,100.2
2025-01-30,Southern,Diesel,103.27
2025-01-31,Southern,Diesel,102.82
2025-02-01,Southern,Diesel,100.7
2025-02-02,Southern,Diesel,102.61
2025-02-03,Southern,Diesel,104.5
2025-02-04,Southern,Diesel,101.76
2025-02-05,Southern,Diesel,99.32
2025-02-06,Southern,Diesel,102.36
2025-02-07,Southern,Diesel,100.8
2025-02-08,Southern,Diesel,101.83
2025-02-09,Southern,Diesel,102.33
2025-02-10,Southern,Diesel,99.43
2025-02-11,Southern,Diesel,99.62
2025-02-12,Southern,Diesel,103.42
2025-02-13,Southern,Diesel,101.63
2025-02-14,Southern,Diesel,97.98
2025-02-15,Southern,Diesel,104.04
2025-02-16,Southern,Diesel,103.14
2025-02-17,Southern,Diesel,101.39
2025-02-18,Southern,Diesel,100.33
2025-02-19,Southern,Diesel,104.23
2025-02-20,Southern,Diesel,103.38
2025-02-21,Southern,Diesel,107.07
2025-02-22,Southern,Diesel,103.56
2025-02-23,Southern,Diesel,103.53
2025-02-24,Southern,Diesel,102.56
2025-02-25,Southern,Diesel,104.35
2025-02-26,Southern,Diesel,104.03
2025-02-27,Southern,Diesel,105.19
2025-02-28,Southern,Diesel,102.02
2025-03-01,Southern,Diesel,102.2
2025-03-02,Southern,Diesel,102.15
2025-03-03,Southern,Diesel,104.46
2025-03-04,Southern,Diesel,105.76
2025-03-05,Southern,Diesel,102.26
2025-03-06,Southern,Diesel,102.35
2025-03-07,Southern,Diesel,103.7
2025-03-08,Southern,Diesel,102.72
2025-03-09,Southern,Diesel,104.9
2025-03-10,Southern,Diesel,99.16
2025-03-11,Southern,Diesel,101.75
2025-03-12,Southern,Diesel,101.86
2025-03-13,Southern,Diesel,99.12
2025-03-14,Southern,Diesel,101.58
2025-03-15,Southern,Diesel,101.7
2025-03-16,Southern,Diesel,103.01
2025-03-17,Southern,Diesel,105.4
2025-03-18,Southern,Diesel,102.98
2025-03-19,Southern,Diesel,101.59
2025-03-20,Southern,Diesel,103.37
2025-03-21,Southern,Diesel,105.39
2025-03-22,Southern,Diesel,101.77
2025-03-23,Southern,Diesel,101.91
2025-03-24,Southern,Diesel,104.58
2025-03-25,Southern,Diesel,103.2
2025-03-26,Southern,Diesel,104.79
2025-03-27,Southern,Diesel,103.63
2025-03-28,Southern,Diesel,104.94
2025-03-29,Southern,Diesel,101.84
2025-03-30,Southern,Diesel,103.71
2025-03-31,Southern,Diesel,103.37
2025-04-01,Southern,Diesel,101.59
2025-04-02,Southern,Diesel,100.99
2025-04-03,Southern,Diesel,105.07
2025-04-04,Southern,Diesel,103.23
2025-04-05,Southern,Diesel,102.04
2025-04-06,Southern,Diesel,103.73
2025-04-07,Southern,Diesel,105.96
2025-04-08,Southern,Diesel,99.85
2025-04-09,Southern,Diesel,101.29
2025-04-10,Southern,Diesel,102.35
2025-04-11,Southern,Diesel,106.67
2025-04-12,Southern,Diesel,104.57
2025-04-13,Southern,Diesel,105.47
2025-04-14,Southern,Diesel,102.06
2025-04-15,Southern,Diesel,102.12
2025-04-16,Southern,Diesel,104.97
2025-04-17,Southern,Diesel,104.29
2025-04-18,Southern,Diesel,105.2
2025-04-19,Southern,Diesel,103.9
2025-04-20,Southern,Diesel,104.77
2025-04-21,Southern,Diesel,104.58
2025-04-22,Southern,Diesel,105.72
2025-04-23,Southern,Diesel,105.8
2025-04-24,Southern,Diesel,101.45
2025-04-25,Southern,Diesel,100.35
2025-04-26,Southern,Diesel,106.22
2025-04-27,Southern,Diesel,106.58
2025-04-28,Southern,Diesel,102.63
2025-04-29,Southern,Diesel,101.15
2025-04-30,Southern,Diesel,104.7
2025-05-01,Southern,Diesel,106.22
2025-05-02,Southern,Diesel,107.81
2025-05-03,Southern,Diesel,105.53
2025-05-04,Southern,Diesel,103.96
2025-05-05,Southern,Diesel,103.04
2025-05-06,Southern,Diesel,104.7
2025-05-07,Southern,Diesel,104.16
2025-05-08,Southern,Diesel,102.9
2025-05-09,Southern,Diesel,108.44
2025-05-10,Southern,Diesel,107.99
2025-05-11,Southern,Diesel,106.85
2025-05-12,Southern,Diesel,103.17
2025-05-13,Southern,Diesel,106.4
2025-05-14,Southern,Diesel,106.03
2025-05-15,Southern,Diesel,105.7
2025-05-16,Southern,Diesel,107.18
2025-05-17,Southern,Diesel,106.1
2025-05-18,Southern,Diesel,106.32
2025-05-19,Southern,Diesel,106.16
2025-05-20,Southern,Diesel,105.65
2025-05-21,Southern,Diesel,101.85
2025-05-22,Southern,Diesel,105.24
2025-05-23,Southern,Diesel,104.11
2025-05-24,Southern,Diesel,102.84
2025-05-25,Southern,Diesel,108.19
2025-05-26,Southern,Diesel,108.3
2025-05-27,Southern,Diesel,107.66
2025-05-28,Southern,Diesel,105.7
2025-05-29,Southern,Diesel,107.7
2025-05-30,Southern,Diesel,105.31
2025-05-31,Southern,Diesel,105.68
2025-06-01,Southern,Diesel,103.38
2025-06-02,Southern,Diesel,106.08
2025-06-03,Southern,Diesel,105.5
2025-06-04,Southern,Diesel,103.08
2025-06-05,Southern,Diesel,105.35
2025-06-06,Southern,Diesel,105.33
2025-06-07,Southern,Diesel,108.73
2025-06-08,Southern,Diesel,107.13
2025-06-09,Southern,Diesel,105.57
2025-06-10,Southern,Diesel,106.02
2025-06-11,Southern,Diesel,105.68
2025-06-12,Southern,Diesel,105.26
2025-06-13,Southern,Diesel,103.7
2025-06-14,Southern,Diesel,105.41
2025-06-15,Southern,Diesel,104.36
2025-06-16,Southern,Diesel,103.48
2025-06-17,Southern,Diesel,106.67
2025-06-18,Southern,Diesel,106.48
2025-06-19,Southern,Diesel,102.59
2025-06-20,Southern,Diesel,105.61
2025-06-21,Southern,Diesel,107.65
2025-06-22,Southern,Diesel,107.79
2025-06-23,Southern,Diesel,107.75
2025-06-24,Southern,Diesel,106.0
2025-06-25,Southern,Diesel,104.44
2025-06-26,Southern,Diesel,104.03
2025-06-27,Southern,Diesel,106.63
2025-06-28,Southern,Diesel,106.72
2025-06-29,Southern,Diesel,108.38
2025-06-30,Southern,Diesel,108.07
2024-01-01,Central,Diesel,86.6
2024-01-02,Central,Diesel,88.67
2024-01-03,Central,Diesel,88.65
2024-01-04,Central,Diesel,89.57
2024-01-05,Central,Diesel,88.18
2024-01-06,Central,Diesel,90.05
2024-01-07,Central,Diesel,91.05
2024-01-08,Central,Diesel,89.53
2024-01-09,Central,Diesel,89.91
2024-01-10,Central,Diesel,89.4
2024-01-11,Central,Diesel,89.33
2024-01-12,Central,Diesel,88.06
2024-01-13,Central,Diesel,89.95
2024-01-14,Central,Diesel,89.23
2024-01-15,Central,Diesel,93.2
2024-01-16,Central,Diesel,92.29
2024-01-17,Central,Diesel,90.18
2024-01-18,Central,Diesel,88.14
2024-01-19,Central,Diesel,87.53
2024-01-20,Central,Diesel,91.71
2024-01-21,Central,Diesel,90.06
2024-01-22,Central,Diesel,90.48
2024-01-23,Central,Diesel,86.5
2024-01-24,Central,Diesel,91.33
2024-01-25,Central,Diesel,90.51
2024-01-26,Central,Diesel,87.72
2024-01-27,Central,Diesel,88.89
2024-01-28,Central,Diesel,90.24
2024-01-29,Central,Diesel,89.89
2024-01-30,Central,Diesel,89.29
2024-01-31,Central,Diesel,89.66
2024-02-01,Central,Diesel,89.42
2024-02-02,Central,Diesel,90.17
2024-02-03,Central,Diesel,92.57
2024-02-04,Central,Diesel,85.33
2024-02-05,Central,Diesel,89.55
2024-02-06,Central,Diesel,90.32
2024-02-07,Central,Diesel,90.56
2024-02-08,Central,Diesel,89.38
2024-02-09,Central,Diesel,86.91
2024-02-10,Central,Diesel,90.69
2024-02-11,Central,Diesel,93.24
2024-02-12,Central,Diesel,87.39
2024-02-13,Central,Diesel,91.73
2024-02-14,Central,Diesel,89.61
2024-02-15,Central,Diesel,90.12
2024-02-16,Central,Diesel,88.36
2024-02-17,Central,Diesel,89.68
2024-02-18,Central,Diesel,92.65
2024-02-19,Central,Diesel,91.38
2024-02-20,Central,Diesel,93.48
2024-02-21,Central,Diesel,92.5
2024-02-22,Central,Diesel,91.2
2024-02-23,Central,Diesel,93.57
2024-02-24,Central,Diesel,91.25
2024-02-25,Central,Diesel,91.98
2024-02-26,Central,Diesel,89.98
2024-02-27,Central,Diesel,90.66
2024-02-28,Central,Diesel,89.31
2024-02-29,Central,Diesel,92.37
2024-03-01,Central,Diesel,88.49
2024-03-02,Central,Diesel,92.05
2024-03-03,Central,Diesel,90.32
2024-03-04,Central,Diesel,92.8
2024-03-05,Central,Diesel,92.07
2024-03-06,Central,Diesel,94.02
2024-03-07,Central,Diesel,92.08
2024-03-08,Central,Diesel,87.96
2024-03-09,Central,Diesel,90.7
2024-03-10,Central,Diesel,88.73
2024-03-11,Central,Diesel,89.94
2024-03-12,Central,Diesel,93.62
2024-03-13,Central,Diesel,92.07
2024-03-14,Central,Diesel,89.69
2024-03-15,Central,Diesel,89.15
2024-03-16,Central,Diesel,91.06
2024-03-17,Central,Diesel,88.83
2024-03-18,Central,Diesel,89.84
2024-03-19,Central,Diesel,91.64
2024-03-20,Central,Diesel,93.18
2024-03-21,Central,Diesel,92.22
2024-03-22,Central,Diesel,87.03
2024-03-23,Central,Diesel,91.73
2024-03-24,Central,Diesel,91.33
2024-03-25,Central,Diesel,91.97
2024-03-26,Central,Diesel,94.16
2024-03-27,Central,Diesel,87.57
2024-03-28,Central,Diesel,90.24
2024-03-29,Central,Diesel,92.39
2024-03-30,Central,Diesel,88.51
2024-03-31,Central,Diesel,94.04
2024-04-01,Central,Diesel,92.07
2024-04-02,Central,Diesel,92.96
2024-04-03,Central,Diesel,90.43
2024-04-04,Central,Diesel,92.95
2024-04-05,Central,Diesel,93.43
2024-04-06,Central,Diesel,91.96
2024-04-07,Central,Diesel,91.98
2024-04-08,Central,Diesel,92.07
2024-04-09,Central,Diesel,90.06
2024-04-10,Central,Diesel,91.37
2024-04-11,Central,Diesel,91.39
2024-04-12,Central,Diesel,92.38
2024-04-13,Central,Diesel,93.52
2024-04-14,Central,Diesel,89.84
2024-04-15,Central,Diesel,91.54
2024-04-16,Central,Diesel,94.46
2024-04-17,Central,Diesel,90.48
2024-04-18,Central,Diesel,90.36
2024-04-19,Central,Diesel,92.23
2024-04-20,Central,Diesel,93.42
2024-04-21,Central,Diesel,91.94
2024-04-22,Central,Diesel,94.34
2024-04-23,Central,Diesel,93.51
2024-04-24,Central,Diesel,93.51
2024-04-25,Central,Diesel,93.02
2024-04-26,Central,Diesel,96.24
2024-04-27,Central,Diesel,91.71
2024-04-28,Central,Diesel,88.49
2024-04-29,Central,Diesel,95.01
2024-04-30,Central,Diesel,91.33
2024-05-01,Central,Diesel,92.37
2024-05-02,Central,Diesel,94.56
2024-05-03,Central,Diesel,89.34
2024-05-04,Central,Diesel,90.0
2024-05-05,Central,Diesel,89.4
2024-05-06,Central,Diesel,90.88
2024-05-07,Central,Diesel,93.12
2024-05-08,Central,Diesel,93.3
2024-05-09,Central,Diesel,92.88
2024-05-10,Central,Diesel,89.87
2024-05-11,Central,Diesel,88.28
2024-05-12,Central,Diesel,92.56
2024-05-13,Central,Diesel,91.64
2024-05-14,Central,Diesel,93.34
2024-05-15,Central,Diesel,93.8
2024-05-16,Central,Diesel,92.81
2024-05-17,Central,Diesel,93.96
2024-05-18,Central,Diesel,93.03
2024-05-19,Central,Diesel,93.59
2024-05-20,Central,Diesel,91.4
2024-05-21,Central,Diesel,92.37
2024-05-22,Central,Diesel,93.07
2024-05-23,Central,Diesel,94.22
2024-05-24,Central,Diesel,92.06
2024-05-25,Central,Diesel,93.73
2024-05-26,Central,Diesel,92.34
2024-05-27,Central,Diesel,92.63
2024-05-28,Central,Diesel,94.36
2024-05-29,Central,Diesel,89.31
2024-05-30,Central,Diesel,90.59
2024-05-31,Central,Diesel,90.28
2024-06-01,Central,Diesel,88.77
2024-06-02,Central,Diesel,91.78
2024-06-03,Central,Diesel,94.37
2024-06-04,Central,Diesel,92.54
2024-06-05,Central,Diesel,93.43
2024-06-06,Central,Diesel,95.06
2024-06-07,Central,Diesel,95.52
2024-06-08,Central,Diesel,93.03
2024-06-09,Central,Diesel,95.61
2024-06-10,Central,Diesel,93.37
2024-06-11,Central,Diesel,91.72
2024-06-12,Central,Diesel,92.18
2024-06-13,Central,Diesel,90.61
2024-06-14,Central,Diesel,91.71
2024-06-15,Central,Diesel,92.69
2024-06-16,Central,Diesel,94.8
2024-06-17,Central,Diesel,96.48
2024-06-18,Central,Diesel,90.92
2024-06-19,Central,Diesel,94.14
2024-06-20,Central,Diesel,91.59
2024-06-21,Central,Diesel,94.34
2024-06-22,Central,Diesel,93.27
2024-06-23,Central,Diesel,90.24
2024-06-24,Central,Diesel,95.23
2024-06-25,Central,Diesel,92.5
2024-06-26,Central,Diesel,92.65
2024-06-27,Central,Diesel,91.71
2024-06-28,Central,Diesel,92.49
2024-06-29,Central,Diesel,94.46
2024-06-30,Central,Diesel,93.38
2024-07-01,Central,Diesel,94.33
2024-07-02,Central,Diesel,94.42
2024-07-03,Central,Diesel,96.17
2024-07-04,Central,Diesel,93.2
2024-07-05,Central,Diesel,91.19
2024-07-06,Central,Diesel,95.79
2024-07-07,Central,Diesel,93.3
2024-07-08,Central,Diesel,95.93
2024-07-09,Central,Diesel,94.64
2024-07-10,Central,Diesel,93.74
2024-07-11,Central,Diesel,94.63
2024-07-12,Central,Diesel,97.54
2024-07-13,Central,Diesel,97.79
2024-07-14,Central,Diesel,94.2
2024-07-15,Central,Diesel,94.39
2024-07-16,Central,Diesel,96.06
2024-07-17,Central,Diesel,92.63
2024-07-18,Central,Diesel,94.78
2024-07-19,Central,Diesel,94.16
2024-07-20,Central,Diesel,94.79
2024-07-21,Central,Diesel,92.75
2024-07-22,Central,Diesel,91.42
2024-07-23,Central,Diesel,90.57
2024-07-24,Central,Diesel,92.32
2024-07-25,Central,Diesel,93.53
2024-07-26,Central,Diesel,93.85
2024-07-27,Central,Diesel,97.9
2024-07-28,Central,Diesel,96.42
2024-07-29,Central,Diesel,92.73
2024-07-30,Central,Diesel,95.11
2024-07-31,Central,Diesel,93.78
2024-08-01,Central,Diesel,94.02
2024-08-02,Central,Diesel,94.9
2024-08-03,Central,Diesel,95.7
2024-08-04,Central,Diesel,94.0
2024-08-05,Central,Diesel,96.55
2024-08-06,Central,Diesel,92.61
2024-08-07,Central,Diesel,94.7
2024-08-08,Central,Diesel,99.39
2024-08-09,Central,Diesel,95.14
2024-08-10,Central,Diesel,97.35
2024-08-11,Central,Diesel,94.96
2024-08-12,Central,Diesel,95.86
2024-08-13,Central,Diesel,94.74
2024-08-14,Central,Diesel,94.56
2024-08-15,Central,Diesel,93.49
2024-08-16,Central,Diesel,95.7
2024-08-17,Central,Diesel,93.41
2024-08-18,Central,Diesel,96.17
2024-08-19,Central,Diesel,96.95
2024-08-20,Central,Diesel,95.68
2024-08-21,Central,Diesel,94.53
2024-08-22,Central,Diesel,95.89
2024-08-23,Central,Diesel,94.54
2024-08-24,Central,Diesel,96.81
2024-08-25,Central,Diesel,91.86
2024-08-26,Central,Diesel,94.57
2024-08-27,Central,Diesel,91.62
2024-08-28,Central,Diesel,92.54
2024-08-29,Central,Diesel,97.71
2024-08-30,Central,Diesel,96.89
2024-08-31,Central,Diesel,94.01
2024-09-01,Central,Diesel,92.63
2024-09-02,Central,Diesel,90.02
2024-09-03,Central,Diesel,94.4
2024-09-04,Central,Diesel,99.76
2024-09-05,Central,Diesel,96.22
2024-09-06,Central,Diesel,94.45
2024-09-07,Central,Diesel,96.32
2024-09-08,Central,Diesel,92.7
2024-09-09,Central,Diesel,95.0
2024-09-10,Central,Diesel,95.74
2024-09-11,Central,Diesel,95.43
2024-09-12,Central,Diesel,97.04
2024-09-13,Central,Diesel,96.26
2024-09-14,Central,Diesel,96.87
2024-09-15,Central,Diesel,94.45
2024-09-16,Central,Diesel,97.33
2024-09-17,Central,Diesel,98.67
2024-09-18,Central,Diesel,94.02
2024-09-19,Central,Diesel,94.19
2024-09-20,Central,Diesel,98.22
2024-09-21,Central,Diesel,95.5
2024-09-22,Central,Diesel,98.4
2024-09-23,Central,Diesel,95.1
2024-09-24,Central,Diesel,98.54
2024-09-25,Central,Diesel,96.18
2024-09-26,Central,Diesel,96.44
2024-09-27,Central,Diesel,98.81
2024-09-28,Central,Diesel,95.37
2024-09-29,Central,Diesel,94.36
2024-09-30,Central,Diesel,95.27
2024-10-01,Central,Diesel,96.91
2024-10-02,Central,Diesel,93.31
2024-10-03,Central,Diesel,97.3
2024-10-04,Central,Diesel,95.21
2024-10-05,Central,Diesel,98.27
2024-10-06,Central,Diesel,91.92
2024-10-07,Central,Diesel,94.84
2024-10-08,Central,Diesel,93.24
2024-10-09,Central,Diesel,94.82
2024-10-10,Central,Diesel,96.78
2024-10-11,Central,Diesel,96.03
2024-10-12,Central,Diesel,95.93
2024-10-13,Central,Diesel,96.12
2024-10-14,Central,Diesel,96.8
2024-10-15,Central,Diesel,94.64
2024-10-16,Central,Diesel,97.76
2024-10-17,Central,Diesel,97.7
2024-10-18,Central,Diesel,97.23
2024-10-19,Central,Diesel,97.56
2024-10-20,Central,Diesel,97.12
2024-10-21,Central,Diesel,100.28
2024-10-22,Central,Diesel,96.48
2024-10-23,Central,Diesel,96.11
2024-10-24,Central,Diesel,95.33
2024-10-25,Central,Diesel,94.86
2024-10-26,Central,Diesel,94.5
2024-10-27,Central,Diesel,95.17
2024-10-28,Central,Diesel,96.67
2024-10-29,Central,Diesel,97.42
2024-10-30,Central,Diesel,96.94
2024-10-31,Central,Diesel,95.49
2024-11-01,Central,Diesel,98.52
2024-11-02,Central,Diesel,98.25
2024-11-03,Central,Diesel,96.66
2024-11-04,Central,Diesel,95.8
2024-11-05,Central,Diesel,97.99
2024-11-06,Central,Diesel,97.36
2024-11-07,Central,Diesel,94.44
2024-11-08,Central,Diesel,96.95
2024-11-09,Central,Diesel,97.57
2024-11-10,Central,Diesel,95.51
2024-11-11,Central,Diesel,97.49
2024-11-12,Central,Diesel,94.56
2024-11-13,Central,Diesel,99.61
2024-11-14,Central,Diesel,99.47
2024-11-15,Central,Diesel,96.8
2024-11-16,Central,Diesel,97.93
2024-11-17,Central,Diesel,92.97
2024-11-18,Central,Diesel,95.25
2024-11-19,Central,Diesel,96.83
2024-11-20,Central,Diesel,95.45
2024-11-21,Central,Diesel,98.69
2024-11-22,Central,Diesel,101.03
2024-11-23,Central,Diesel,95.34
2024-11-24,Central,Diesel,95.98
2024-11-25,Central,Diesel,97.93
2024-11-26,Central,Diesel,100.44
2024-11-27,Central,Diesel,95.36
2024-11-28,Central,Diesel,98.04
2024-11-29,Central,Diesel,100.89
2024-11-30,Central,Diesel,94.67
2024-12-01,Central,Diesel,95.36
2024-12-02,Central,Diesel,96.93
2024-12-03,Central,Diesel,96.78
2024-12-04,Central,Diesel,99.2
2024-12-05,Central,Diesel,98.2
2024-12-06,Central,Diesel,94.6
2024-12-07,Central,Diesel,98.75
2024-12-08,Central,Diesel,96.8
2024-12-09,Central,Diesel,100.16
2024-12-10,Central,Diesel,96.77
2024-12-11,Central,Diesel,96.78
2024-12-12,Central,Diesel,98.92
2024-12-13,Central,Diesel,99.35
2024-12-14,Central,Diesel,98.8
2024-12-15,Central,Diesel,94.99
2024-12-16,Central,Diesel,99.02
2024-12-17,Central,Diesel,96.21
2024-12-18,Central,Diesel,98.52
2024-12-19,Central,Diesel,95.56
2024-12-20,Central,Diesel,98.96
2024-12-21,Central,Diesel,96.73
2024-12-22,Central,Diesel,95.89
2024-12-23,Central,Diesel,99.51
2024-12-24,Central,Diesel,98.69
2024-12-25,Central,Diesel,97.17
2024-12-26,Central,Diesel,100.92
2024-12-27,Central,Diesel,97.54
2024-12-28,Central,Diesel,98.41
2024-12-29,Central,Diesel,98.87
2024-12-30,Central,Diesel,97.29
2024-12-31,Central,Diesel,99.28
2025-01-01,Central,Diesel,97.5
2025-01-02,Central,Diesel,97.74
2025-01-03,Central,Diesel,100.96
2025-01-04,Central,Diesel,96.66
2025-01-05,Central,Diesel,94.22
2025-01-06,Central,Diesel,101.49
2025-01-07,Central,Diesel,103.2
2025-01-08,Central,Diesel,97.91
2025-01-09,Central,Diesel,95.18
2025-01-10,Central,Diesel,98.13
2025-01-11,Central,Diesel,98.2
2025-01-12,Central,Diesel,98.4
2025-01-13,Central,Diesel,96.76
2025-01-14,Central,Diesel,99.84
2025-01-15,Central,Diesel,99.76
2025-01-16,Central,Diesel,96.15
2025-01-17,Central,Diesel,100.13
2025-01-18,Central,Diesel,102.59
2025-01-19,Central,Diesel,99.23
2025-01-20,Central,Diesel,98.34
2025-01-21,Central,Diesel,98.72
2025-01-22,Central,Diesel,100.11
2025-01-23,Central,Diesel,95.91
2025-01-24,Central,Diesel,99.35
2025-01-25,Central,Diesel,98.37
2025-01-26,Central,Diesel,102.43
2025-01-27,Central,Diesel,98.81
2025-01-28,Central,Diesel,102.15
2025-01-29,Central,Diesel,97.19
2025-01-30,Central,Diesel,100.26
2025-01-31,Central,Diesel,99.8
2025-02-01,Central,Diesel,97.69
2025-02-02,Central,Diesel,99.6
2025-02-03,Central,Diesel,101.49
2025-02-04,Central,Diesel,98.75
2025-02-05,Central,Diesel,96.31
2025-02-06,Central,Diesel,99.35
2025-02-07,Central,Diesel,97.78
2025-02-08,Central,Diesel,98.82
2025-02-09,Central,Diesel,99.31
2025-02-10,Central,Diesel,96.41
2025-02-11,Central,Diesel,96.6
2025-02-12,Central,Diesel,100.4
2025-02-13,Central,Diesel,98.62
2025-02-14,Central,Diesel,94.97
2025-02-15,Central,Diesel,101.03
2025-02-16,Central,Diesel,100.13
2025-02-17,Central,Diesel,98.38
2025-02-18,Central,Diesel,97.32
2025-02-19,Central,Diesel,101.22
2025-02-20,Central,Diesel,100.37
2025-02-21,Central,Diesel,104.06
2025-02-22,Central,Diesel,100.55
2025-02-23,Central,Diesel,100.52
2025-02-24,Central,Diesel,99.54
2025-02-25,Central,Diesel,101.34
2025-02-26,Central,Diesel,101.02
2025-02-27,Central,Diesel,102.17
2025-02-28,Central,Diesel,99.01
2025-03-01,Central,Diesel,99.19
2025-03-02,Central,Diesel,99.14
2025-03-03,Central,Diesel,101.45
2025-03-04,Central,Diesel,102.75
2025-03-05,Central,Diesel,99.25
2025-03-06,Central,Diesel,99.34
2025-03-07,Central,Diesel,100.69
2025-03-08,Central,Diesel,99.71
2025-03-09,Central,Diesel,101.89
2025-03-10,Central,Diesel,96.15
2025-03-11,Central,Diesel,98.74
2025-03-12,Central,Diesel,98.85
2025-03-13,Central,Diesel,96.1
2025-03-14,Central,Diesel,98.57
2025-03-15,Central,Diesel,98.68
2025-03-16,Central,Diesel,99.99
2025-03-17,Central,Diesel,102.39
2025-03-18,Central,Diesel,99.97
2025-03-19,Central,Diesel,98.58
2025-03-20,Central,Diesel,100.36
2025-03-21,Central,Diesel,102.37
2025-03-22,Central,Diesel,98.75
2025-03-23,Central,Diesel,98.9
2025-03-24,Central,Diesel,101.57
2025-03-25,Central,Diesel,100.19
2025-03-26,Central,Diesel,101.78
2025-03-27,Central,Diesel,100.61
2025-03-28,Central,Diesel,101.93
2025-03-29,Central,Diesel,98.83
2025-03-30,Central,Diesel,100.69
2025-03-31,Central,Diesel,100.36
2025-04-01,Central,Diesel,98.58
2025-04-02,Central,Diesel,97.98
2025-04-03,Central,Diesel,102.05
2025-04-04,Central,Diesel,100.21
2025-04-05,Central,Diesel,99.03
2025-04-06,Central,Diesel,100.72
2025-04-07,Central,Diesel,102.95
2025-04-08,Central,Diesel,96.84
2025-04-09,Central,Diesel,98.28
2025-04-10,Central,Diesel,99.34
2025-04-11,Central,Diesel,103.65
2025-04-12,Central,Diesel,101.56
2025-04-13,Central,Diesel,102.46
2025-04-14,Central,Diesel,99.05
2025-04-15,Central,Diesel,99.11
2025-04-16,Central,Diesel,101.96
2025-04-17,Central,Diesel,101.28
2025-04-18,Central,Diesel,102.19
2025-04-19,Central,Diesel,100.89
2025-04-20,Central,Diesel,101.75
2025-04-21,Central,Diesel,101.56
2025-04-22,Central,Diesel,102.71
2025-04-23,Central,Diesel,102.78
2025-04-24,Central,Diesel,98.44
2025-04-25,Central,Diesel,97.34
2025-04-26,Central,Diesel,103.21
2025-04-27,Central,Diesel,103.57
2025-04-28,Central,Diesel,99.62
2025-04-29,Central,Diesel,98.14
2025-04-30,Central,Diesel,101.69
2025-05-01,Central,Diesel,103.21
2025-05-02,Central,Diesel,104.8
2025-05-03,Central,Diesel,102.52
2025-05-04,Central,Diesel,100.94
2025-05-05,Central,Diesel,100.03
2025-05-06,Central,Diesel,101.69
2025-05-07,Central,Diesel,101.15
2025-05-08,Central,Diesel,99.89
2025-05-09,Central,Diesel,105.43
2025-05-10,Central,Diesel,104.98
2025-05-11,Central,Diesel,103.84
2025-05-12,Central,Diesel,100.16
2025-05-13,Central,Diesel,103.38
2025-05-14,Central,Diesel,103.02
2025-05-15,Central,Diesel,102.69
2025-05-16,Central,Diesel,104.17
2025-05-17,Central,Diesel,103.09
2025-05-18,Central,Diesel,103.3
2025-05-19,Central,Diesel,103.14
2025-05-20,Central,Diesel,102.64
2025-05-21,Central,Diesel,98.84
2025-05-22,Central,Diesel,102.23
2025-05-23,Central,Diesel,101.1
2025-05-24,Central,Diesel,99.82
2025-05-25,Central,Diesel,105.18
2025-05-26,Central,Diesel,105.29
2025-05-27,Central,Diesel,104.65
2025-05-28,Central,Diesel,102.69
2025-05-29,Central,Diesel,104.69
2025-05-30,Central,Diesel,102.3
2025-05-31,Central,Diesel,102.67
2025-06-01,Central,Diesel,100.36
2025-06-02,Central,Diesel,103.07
2025-06-03,Central,Diesel,102.49
2025-06-04,Central,Diesel,100.06
2025-06-05,Central,Diesel,102.34
2025-06-06,Central,Diesel,102.32
2025-06-07,Central,Diesel,105.72
2025-06-08,Central,Diesel,104.12
2025-06-09,Central,Diesel,102.56
2025-06-10,Central,Diesel,103.01
2025-06-11,Central,Diesel,102.67
2025-06-12,Central,Diesel,102.25
2025-06-13,Central,Diesel,100.69
2025-06-14,Central,Diesel,102.39
2025-06-15,Central,Diesel,101.35
2025-06-16,Central,Diesel,100.47
2025-06-17,Central,Diesel,103.66
2025-06-18,Central,Diesel,103.47
2025-06-19,Central,Diesel,99.58
2025-06-20,Central,Diesel,102.6
2025-06-21,Central,Diesel,104.64
2025-06-22,Central,Diesel,104.78
2025-06-23,Central,Diesel,104.74
2025-06-24,Central,Diesel,102.99
2025-06-25,Central,Diesel,101.43
2025-06-26,Central,Diesel,101.02
2025-06-27,Central,Diesel,103.62
2025-06-28,Central,Diesel,103.71
2025-06-29,Central,Diesel,105.37
2025-06-30,Central,Diesel,105.05
